,Country,variable,value
0,South Africa,1974,100.0
1,France,1974,100.0
2,Austria,1974,100.0
3,Austria,1974,100.0
4,France,1974,100.0
5,Austria,1974,100.0
6,Austria,1974,100.0
7,France,1974,100.0
8,France,1974,100.0
9,Austria,1974,100.0
10,Denmark,1974,100.0
11,Austria,1974,100.0
12,France,1974,100.0
13,Denmark,1974,100.0
14,Austria,1974,100.0
15,France,1974,100.0
16,Denmark,1974,100.0
17,Austria,1974,100.0
18,France,1974,100.0
19,Denmark,1974,100.0
20,Austria,1974,100.0
21,France,1974,100.0
22,France,1974,100.0
23,United Kingdom,1974,100.0
24,Austria,1974,100.0
25,France,1974,100.0
26,Denmark,1974,100.0
27,Austria,1974,100.0
28,France,1974,100.0
29,Denmark,1974,100.0
30,Spain,1974,100.0
31,Germany,1974,100.0
32,United Kingdom,1974,100.0
33,Norway,1974,100.0
34,Norway,1974,100.0
35,United States,1974,100.0
36,"Tanzania, United Republic Of",1974,100.0
37,Canada,1974,100.0
38,United States,1974,100.0
39,Canada,1974,100.0
40,United States,1974,100.0
41,Canada,1974,100.0
42,Morocco,1974,
43,Australia,1974,100.0
44,Australia,1974,100.0
45,Australia,1974,100.0
46,Norway,1974,100.0
47,Belarus,1974,100.0
48,United Kingdom,1974,100.0
49,Slovakia,1974,100.0
50,Switzerland,1974,100.0
51,Japan,1974,100.0
52,United Kingdom,1974,100.0
53,Sweden,1974,100.0
54,Sweden,1974,100.0
55,Sweden,1974,
56,United States,1974,100.0
57,United Kingdom,1974,100.0
58,United Kingdom,1974,100.0
59,United States,1974,100.0
60,United States,1974,100.0
61,Canada,1974,100.0
62,United Kingdom,1974,100.0
63,United Kingdom,1974,100.0
64,Finland,1974,100.0
65,Canada,1974,100.0
66,South Africa,1975,97.43589743589743
67,France,1975,140.918958714817
68,Austria,1975,108.73460246360582
69,Austria,1975,382.06039076376555
70,France,1975,144.4198768541167
71,Austria,1975,134.04795358745412
72,Austria,1975,186.46232439335887
73,France,1975,124.20186366399608
74,France,1975,100.45253824903084
75,Austria,1975,70.64483963607077
76,Denmark,1975,125.80957707772733
77,Austria,1975,126.85314685314685
78,France,1975,173.30462863293866
79,Denmark,1975,183.26947637292466
80,Austria,1975,84.2309731010004
81,France,1975,90.47991929110198
82,Denmark,1975,101.21800193247235
83,Austria,1975,95.92418889836358
84,France,1975,89.94040931336956
85,Denmark,1975,98.84435831938696
86,Austria,1975,100.27739833981298
87,France,1975,103.96423457091963
88,France,1975,132.20298790609436
89,United Kingdom,1975,104.36779819370912
90,Austria,1975,30.215827338129497
91,France,1975,49.875237049605744
92,Denmark,1975,100.94318767961094
93,Austria,1975,64.02278094179748
94,France,1975,130.9223892726534
95,Denmark,1975,139.69347581552304
96,Spain,1975,308.4344437090963
97,Germany,1975,100.0
98,United Kingdom,1975,106.04887324234763
99,Norway,1975,103.2
100,Norway,1975,89.68582216309169
101,United States,1975,132.25806451612902
102,"Tanzania, United Republic Of",1975,96.55172413793103
103,Canada,1975,1120.6407613005551
104,United States,1975,220.74022680511027
105,Canada,1975,90.5
106,United States,1975,128.9833080424886
107,Canada,1975,114.65201465201464
108,Morocco,1975,
109,Australia,1975,56.57894736842105
110,Australia,1975,103.07692307692307
111,Australia,1975,105.17034068136273
112,Norway,1975,115.90909090909092
113,Belarus,1975,140.0
114,United Kingdom,1975,102.02610559127217
115,Slovakia,1975,101.71234171234171
116,Switzerland,1975,104.70247498683518
117,Japan,1975,204.07563025210084
118,United Kingdom,1975,90.53254437869822
119,Sweden,1975,50.0
120,Sweden,1975,50.0
121,Sweden,1975,inf
122,United States,1975,103.34883718291098
123,United Kingdom,1975,81.63226364054731
124,United Kingdom,1975,201.10608345902463
125,United States,1975,135.29546524799224
126,United States,1975,101.6663408351254
127,Canada,1975,92.58558169524812
128,United Kingdom,1975,163.47826086956522
129,United Kingdom,1975,131.72909947903747
130,Finland,1975,111.05550557697994
131,Canada,1975,16.94326179511686
132,South Africa,1976,94.87179487179486
133,France,1976,111.82677968021444
134,Austria,1976,131.57894736842107
135,Austria,1976,202.48667850799288
136,France,1976,138.2957188128833
137,Austria,1976,135.66151475320675
138,Austria,1976,186.33461047254153
139,France,1976,124.64700171486123
140,France,1976,99.20164538938042
141,Austria,1976,133.99169360642313
142,Denmark,1976,136.24192404751105
143,Austria,1976,145.34965034965035
144,France,1976,267.33046286329386
145,Denmark,1976,52.29885057471264
146,Austria,1976,93.56275874100068
147,France,1976,105.9938011487178
148,Denmark,1976,108.61243042419129
149,Austria,1976,122.66059609371827
150,France,1976,110.59817431868152
151,Denmark,1976,77.6746234475469
152,Austria,1976,82.54702112010087
153,France,1976,91.96674932765184
154,France,1976,168.91154849419019
155,United Kingdom,1976,99.69635627530364
156,Austria,1976,108.63309352517985
157,France,1976,46.303689656319655
158,Denmark,1976,121.97700980030947
159,Austria,1976,71.21822475343798
160,France,1976,127.40078558851415
161,Denmark,1976,85.06749156355455
162,Spain,1976,279.4323111993529
163,Germany,1976,277.77777777777777
164,United Kingdom,1976,112.46357241768916
165,Norway,1976,89.60000000000001
166,Norway,1976,80.94871242039726
167,United States,1976,141.93548387096774
168,"Tanzania, United Republic Of",1976,91.37931034482759
169,Canada,1976,116.04758128469467
170,United States,1976,126.539547346763
171,Canada,1976,5.0
172,United States,1976,48.558421851289836
173,Canada,1976,44.32234432234432
174,Morocco,1976,
175,Australia,1976,46.32963988919668
176,Australia,1976,115.38461538461537
177,Australia,1976,148.7374749498998
178,Norway,1976,111.36363636363636
179,Belarus,1976,200.0
180,United Kingdom,1976,121.21566335476331
181,Slovakia,1976,98.8962388962389
182,Switzerland,1976,107.70405476566613
183,Japan,1976,103.06722689075629
184,United Kingdom,1976,119.52662721893492
185,Sweden,1976,116.66666666666667
186,Sweden,1976,197.91666666666669
187,Sweden,1976,inf
188,United States,1976,106.13953480921276
189,United Kingdom,1976,78.57134839658328
190,United Kingdom,1976,303.8712921065862
191,United States,1976,101.60491784500643
192,United States,1976,144.99925250411124
193,Canada,1976,100.05501363509988
194,United Kingdom,1976,226.66666666666666
195,United Kingdom,1976,94.22806582320351
196,Finland,1976,93.18180388406928
197,Canada,1976,5.331479711530107
198,South Africa,1977,89.74358974358975
199,France,1977,105.5858644970079
200,Austria,1977,176.37178051511756
201,Austria,1977,205.68383658969807
202,France,1977,125.74676772180115
203,Austria,1977,122.19553097946789
204,Austria,1977,86.46232439335888
205,France,1977,140.0391968279604
206,France,1977,99.7324463558688
207,Austria,1977,73.42348845970767
208,Denmark,1977,84.18456551705914
209,Austria,1977,156.25874125874125
210,France,1977,271.42088266953715
211,Denmark,1977,181.3537675606641
212,Austria,1977,100.13083823697153
213,France,1977,130.96694067386102
214,Denmark,1977,98.89903512472613
215,Austria,1977,121.06377147033744
216,France,1977,140.79783751283404
217,Denmark,1977,102.94900026424733
218,Austria,1977,81.07176631291372
219,France,1977,152.2283538821557
220,France,1977,226.17974863647143
221,United Kingdom,1977,98.55963874182497
222,Austria,1977,132.37410071942446
223,France,1977,74.35040090494726
224,Denmark,1977,144.00928450372118
225,Austria,1977,105.58410890401444
226,France,1977,152.05201137748884
227,Denmark,1977,119.57255343082113
228,Spain,1977,251.0699316126186
229,Germany,1977,211.11111111111111
230,United Kingdom,1977,132.2374630557144
231,Norway,1977,46.400000000000006
232,Norway,1977,63.092189332309665
233,United States,1977,109.6774193548387
234,"Tanzania, United Republic Of",1977,92.24137931034483
235,Canada,1977,280.4123711340206
236,United States,1977,83.46571606296952
237,Canada,1977,888.7499999999999
238,United States,1977,121.21901871522509
239,Canada,1977,101.46520146520146
240,Morocco,1977,
241,Australia,1977,80.81717451523545
242,Australia,1977,111.7948717948718
243,Australia,1977,151.66332665330663
244,Norway,1977,95.45454545454545
245,Belarus,1977,160.0
246,United Kingdom,1977,143.44437950516266
247,Slovakia,1977,99.47835947835948
248,Switzerland,1977,105.98736176935229
249,Japan,1977,81.17647058823529
250,United Kingdom,1977,80.4733727810651
251,Sweden,1977,133.33333333333331
252,Sweden,1977,1583.3333333333335
253,Sweden,1977,inf
254,United States,1977,119.25581399766835
255,United Kingdom,1977,75.51043315261923
256,United Kingdom,1977,252.4886877828054
257,United States,1977,244.38660574512224
258,United States,1977,85.83322791724646
259,Canada,1977,95.62079633715668
260,United Kingdom,1977,289.8550724637681
261,United Kingdom,1977,140.3870007442322
262,Finland,1977,130.31385846486785
263,Canada,1977,20.73507689634199
264,South Africa,1978,96.15384615384616
265,France,1978,74.1434315594737
266,Austria,1978,80.29115341545354
267,Austria,1978,230.72824156305506
268,France,1978,102.1556554325168
269,Austria,1978,118.98653854870145
270,Austria,1978,185.1851851851852
271,France,1978,140.0544400388339
272,France,1978,106.58333621981713
273,Austria,1978,83.06540213367383
274,Denmark,1978,105.11752244971659
275,Austria,1978,159.12587412587413
276,France,1978,376.9644779332616
277,Denmark,1978,183.75904640272455
278,Austria,1978,101.64721985520569
279,France,1978,114.55418895934326
280,Denmark,1978,102.09918210149563
281,Austria,1978,142.75033499817275
282,France,1978,119.87740470967691
283,Denmark,1978,109.97621773980445
284,Austria,1978,84.61910265840076
285,France,1978,117.70109322063497
286,France,1978,208.79772350011856
287,United Kingdom,1978,101.51821862348179
288,Austria,1978,140.28776978417267
289,France,1978,61.27857071564028
290,Denmark,1978,135.4984894259819
291,Austria,1978,100.25003472704543
292,France,1978,180.10293918461332
293,Denmark,1978,161.79696287964006
294,Spain,1978,134.20104419442606
295,Germany,1978,166.66666666666669
296,United Kingdom,1978,109.54523220646087
297,Norway,1978,44.800000000000004
298,Norway,1978,60.72724452180499
299,United States,1978,129.03225806451613
300,"Tanzania, United Republic Of",1978,95.6896551724138
301,Canada,1978,129.42109436954797
302,United States,1978,88.52337432413034
303,Canada,1978,0.0
304,United States,1978,121.34547293879616
305,Canada,1978,265.56776556776555
306,Morocco,1978,
307,Australia,1978,69.25207756232687
308,Australia,1978,101.53846153846153
309,Australia,1978,132.46492985971946
310,Norway,1978,88.63636363636364
311,Belarus,1978,220.00000000000003
312,United Kingdom,1978,134.3463861289694
313,Slovakia,1978,98.92647892647892
314,Switzerland,1978,106.16640337019483
315,Japan,1978,72.47899159663865
316,United Kingdom,1978,107.10059171597632
317,Sweden,1978,93.33333333333333
318,Sweden,1978,2425.0
319,Sweden,1978,inf
320,United States,1978,110.04651154873295
321,United Kingdom,1978,87.7552165763096
322,United Kingdom,1978,476.26948215183506
323,United States,1978,151.33828002698198
324,United States,1978,52.499511252688116
325,Canada,1978,114.99565214819371
326,United Kingdom,1978,629.8550724637681
327,United Kingdom,1978,100.0
328,Finland,1978,97.86011311235114
329,Canada,1978,12.322530193761402
330,South Africa,1979,93.58974358974359
331,France,1979,78.39465388027863
332,Austria,1979,39.41769316909294
333,Austria,1979,208.17051509769095
334,France,1979,128.03195527225844
335,Austria,1979,89.7248787562888
336,Austria,1979,79.82120051085569
337,France,1979,114.57232812826072
338,France,1979,116.83313096741519
339,Austria,1979,61.466297293090264
340,Denmark,1979,78.01359094172102
341,Austria,1979,194.82517482517483
342,France,1979,220.18299246501613
343,Denmark,1979,27.22435078756918
344,Austria,1979,99.21429961285301
345,France,1979,66.22791522652031
346,Denmark,1979,38.63787917965188
347,Austria,1979,113.34003329678808
348,France,1979,85.31098491507244
349,Denmark,1979,86.35426759446842
350,Austria,1979,68.12020594725229
351,France,1979,143.81788969997555
352,France,1979,205.4541142992649
353,United Kingdom,1979,147.00249143568982
354,Austria,1979,158.27338129496403
355,France,1979,131.0643111421632
356,Denmark,1979,129.7398865227323
357,Austria,1979,163.67551048756772
358,France,1979,248.28660436137073
359,Denmark,1979,92.50562429696288
360,Spain,1979,281.32950952275905
361,Germany,1979,600.0
362,United Kingdom,1979,133.8661118421506
363,Norway,1979,132.8
364,Norway,1979,55.85694903845649
365,United States,1979,138.70967741935485
366,"Tanzania, United Republic Of",1979,99.13793103448276
367,Canada,1979,380.32672482157017
368,United States,1979,378.8123833676253
369,Canada,1979,1160.0
370,United States,1979,226.8588770864947
371,Canada,1979,433.6996336996337
372,Morocco,1979,
373,Australia,1979,51.38504155124654
374,Australia,1979,91.7948717948718
375,Australia,1979,136.1122244488978
376,Norway,1979,88.63636363636364
377,Belarus,1979,260.0
378,United Kingdom,1979,173.75803623611924
379,Slovakia,1979,96.11415611415612
380,Switzerland,1979,107.27751448130596
381,Japan,1979,75.50420168067227
382,United Kingdom,1979,97.0414201183432
383,Sweden,1979,116.66666666666667
384,Sweden,1979,100.0
385,Sweden,1979,inf
386,United States,1979,120.37209295414257
387,United Kingdom,1979,87.7552165763096
388,United Kingdom,1979,252.4886877828054
389,United States,1979,201.07036947474256
390,United States,1979,47.499338753636856
391,Canada,1979,103.12039704464387
392,United Kingdom,1979,455.94202898550725
393,United Kingdom,1979,108.65790126519474
394,Finland,1979,165.976962323144
395,Canada,1979,0.2356416717351638
396,South Africa,1980,92.94871794871796
397,France,1980,101.7990296943726
398,Austria,1980,55.99104143337066
399,Austria,1980,219.71580817051512
400,France,1980,162.96887614319624
401,Austria,1980,99.21588179304717
402,Austria,1980,109.96168582375478
403,France,1980,126.7086459855008
404,France,1980,144.1671339649896
405,Austria,1980,68.51094021066024
406,Denmark,1980,105.14570845976667
407,Austria,1980,202.55244755244757
408,France,1980,542.7341227125942
409,Denmark,1980,231.9284802043423
410,Austria,1980,101.67942619046022
411,France,1980,100.93456242010146
412,Denmark,1980,72.30916835644588
413,Austria,1980,134.00180695984082
414,France,1980,139.02896988874198
415,Denmark,1980,196.39038139698758
416,Austria,1980,93.46012398865189
417,France,1980,177.59945513604137
418,France,1980,274.00995968698123
419,United Kingdom,1980,136.5540330115229
420,Austria,1980,95.68345323741008
421,France,1980,71.1348437967861
422,Denmark,1980,122.75071844374033
423,Austria,1980,129.97638560911238
424,France,1980,198.46945686035485
425,Denmark,1980,152.29190101237344
426,Spain,1980,272.5715126112214
427,Germany,1980,200.0
428,United Kingdom,1980,117.61682661504227
429,Norway,1980,56.8
430,Norway,1980,72.23105966986219
431,United States,1980,161.29032258064515
432,"Tanzania, United Republic Of",1980,100.86206896551724
433,Canada,1980,175.3148295003965
434,United States,1980,63.0317240059333
435,Canada,1980,787.5
436,United States,1980,99.7976732422863
437,Canada,1980,506.5934065934066
438,Morocco,1980,
439,Australia,1980,65.4432132963989
440,Australia,1980,92.3076923076923
441,Australia,1980,151.62324649298597
442,Norway,1980,81.81818181818183
443,Belarus,1980,300.0
444,United Kingdom,1980,152.54237288135593
445,Slovakia,1980,94.995274995275
446,Switzerland,1980,108.20958399157452
447,Japan,1980,161.9747899159664
448,United Kingdom,1980,145.5621301775148
449,Sweden,1980,33.33333333333333
450,Sweden,1980,0.0
451,Sweden,1980,inf
452,United States,1980,93.86046503404305
453,United Kingdom,1980,108.163563098405
454,United Kingdom,1980,288.9391654097536
455,United States,1980,226.73887312112612
456,United States,1980,67.50002874984187
457,Canada,1980,107.61376878893103
458,United Kingdom,1980,202.8985507246377
459,United Kingdom,1980,177.88803440006615
460,Finland,1980,105.3495599438842
461,Canada,1980,23.696237726996262
462,South Africa,1981,92.3076923076923
463,France,1981,84.94516074226493
464,Austria,1981,74.13213885778276
465,Austria,1981,206.21669626998224
466,France,1981,184.19647913629188
467,Austria,1981,97.58419072655578
468,Austria,1981,164.62324393358875
469,France,1981,135.52775080979558
470,France,1981,136.11440586333794
471,Austria,1981,77.14782989263954
472,Denmark,1981,138.88656452174067
473,Austria,1981,209.93006993006995
474,France,1981,516.6307857911734
475,Denmark,1981,216.26223925074498
476,Austria,1981,124.5217694697361
477,France,1981,111.99342965469266
478,Denmark,1981,121.34429308256556
479,Austria,1981,153.517480813741
480,France,1981,136.68075544379647
481,Denmark,1981,158.41803928477054
482,Austria,1981,85.69086897131449
483,France,1981,124.90307708427927
484,France,1981,331.68129001659946
485,United Kingdom,1981,118.89598255995017
486,Austria,1981,169.7841726618705
487,France,1981,73.56522607046611
488,Denmark,1981,116.10050843710853
489,Austria,1981,105.86192526739826
490,France,1981,155.81741839360694
491,Denmark,1981,125.50618672665917
492,Spain,1981,273.9686741672182
493,Germany,1981,722.2222222222223
494,United Kingdom,1981,153.70751837741386
495,Norway,1981,98.4
496,Norway,1981,70.23829556748686
497,United States,1981,96.7741935483871
498,"Tanzania, United Republic Of",1981,100.86206896551724
499,Canada,1981,182.0333068992863
500,United States,1981,37.37738647782191
501,Canada,1981,6451.5
502,United States,1981,216.5655032878098
503,Canada,1981,569.5970695970697
504,Morocco,1981,
505,Australia,1981,79.43213296398892
506,Australia,1981,76.92307692307693
507,Australia,1981,160.4809619238477
508,Norway,1981,70.45454545454545
509,Belarus,1981,340.0
510,United Kingdom,1981,178.80381842976817
511,Slovakia,1981,96.70761670761671
512,Switzerland,1981,109.32069510268563
513,Japan,1981,90.29411764705883
514,United Kingdom,1981,218.34319526627218
515,Sweden,1981,110.00000000000001
516,Sweden,1981,0.0
517,Sweden,1981,inf
518,United States,1981,145.2093023611587
519,United Kingdom,1981,100.0
520,United Kingdom,1981,348.6173956762192
521,United States,1981,279.6807982588996
522,United States,1981,111.66553583955287
523,Canada,1981,103.18132612437813
524,United Kingdom,1981,526.9565217391304
525,United Kingdom,1981,137.50103365583394
526,Finland,1981,120.3281390564744
527,Canada,1981,69.90529151099139
528,South Africa,1982,102.56410256410255
529,France,1982,127.2478432408963
530,Austria,1982,39.97760358342665
531,Austria,1982,240.8525754884547
532,France,1982,219.4237929414033
533,Austria,1982,69.72306576621493
534,Austria,1982,70.75351213282248
535,France,1982,110.56173046736772
536,France,1982,139.37363613640554
537,Austria,1982,67.92789093854125
538,Denmark,1982,56.07474577540154
539,Austria,1982,141.013986013986
540,France,1982,533.1001076426265
541,Denmark,1982,16.900808854831844
542,Austria,1982,87.12887230859036
543,France,1982,104.19096249731395
544,Denmark,1982,63.19252595909146
545,Austria,1982,163.29536687375645
546,France,1982,130.3349460269903
547,Denmark,1982,72.65568572183564
548,Austria,1982,90.0598928233687
549,France,1982,150.79633963186757
550,France,1982,314.2281242589519
551,United Kingdom,1982,143.81812519464341
552,Austria,1982,96.40287769784173
553,France,1982,118.62294972884852
554,Denmark,1982,112.97619924839732
555,Austria,1982,122.8920683428254
556,France,1982,182.7712312068265
557,Denmark,1982,97.67997750281214
558,Spain,1982,265.9827928524156
559,Germany,1982,366.66666666666663
560,United Kingdom,1982,98.58974447299708
561,Norway,1982,68.8
562,Norway,1982,63.27426996839556
563,United States,1982,45.16129032258064
564,"Tanzania, United Republic Of",1982,99.13793103448276
565,Canada,1982,50.43933386201428
566,United States,1982,8.670271304847121
567,Canada,1982,1344.5
568,United States,1982,211.55791603439553
569,Canada,1982,173.26007326007326
570,Morocco,1982,
571,Australia,1982,69.18282548476455
572,Australia,1982,72.82051282051282
573,Australia,1982,107.2945891783567
574,Norway,1982,77.27272727272727
575,Belarus,1982,400.0
576,United Kingdom,1982,162.6339372686538
577,Slovakia,1982,95.02551502551503
578,Switzerland,1982,112.70142180094787
579,Japan,1982,103.57142857142858
580,United Kingdom,1982,135.50295857988166
581,Sweden,1982,3.3333333333333335
582,Sweden,1982,0.0
583,Sweden,1982,inf
584,United States,1982,114.5116278448623
585,United Kingdom,1982,101.02030508132134
586,United Kingdom,1982,288.9391654097536
587,United States,1982,220.32174720953023
588,United States,1982,120.83213542325517
589,Canada,1982,97.25345905624995
590,United Kingdom,1982,179.13043478260872
591,United Kingdom,1982,79.8064996278839
592,Finland,1982,115.33527935227765
593,Canada,1982,55.686853766617425
594,South Africa,1983,108.97435897435896
595,France,1983,137.17365450323751
596,Austria,1983,56.55095184770437
597,Austria,1983,382.2380106571936
598,France,1983,193.209504645082
599,Austria,1983,171.37288673344514
600,Austria,1983,197.31800766283524
601,France,1983,125.16998902125884
602,France,1983,126.02825134315113
603,Austria,1983,88.05081744207295
604,Denmark,1983,122.17798584533807
605,Austria,1983,198.28671328671328
606,France,1983,806.7814854682455
607,Denmark,1983,240.9748829289059
608,Austria,1983,119.40163312958354
609,France,1983,91.43269220263178
610,Denmark,1983,123.65577496223514
611,Austria,1983,185.75597920981036
612,France,1983,93.95813110970138
613,Denmark,1983,102.38703426407116
614,Austria,1983,102.16034464642219
615,France,1983,82.37400020956306
616,France,1983,308.4894474745079
617,United Kingdom,1983,109.02366863905326
618,Austria,1983,123.02158273381293
619,France,1983,54.817513391223336
620,Denmark,1983,104.70488541743424
621,Austria,1983,99.33324072787887
622,France,1983,188.3922524718949
623,Denmark,1983,197.20191226096736
624,Spain,1983,250.46694609897787
625,Germany,1983,188.88888888888889
626,United Kingdom,1983,156.48393741689688
627,Norway,1983,86.4
628,Norway,1983,63.36813680894813
629,United States,1983,74.19354838709677
630,"Tanzania, United Republic Of",1983,97.41379310344827
631,Canada,1983,86.28072957969866
632,United States,1983,52.32068520024882
633,Canada,1983,2144.5
634,United States,1983,202.80728376327767
635,Canada,1983,331.50183150183153
636,Morocco,1983,
637,Australia,1983,113.85041551246537
638,Australia,1983,72.82051282051282
639,Australia,1983,158.2364729458918
640,Norway,1983,86.36363636363636
641,Belarus,1983,360.0
642,United Kingdom,1983,168.69277225793883
643,Slovakia,1983,97.87185787185787
644,Switzerland,1983,114.57082675092154
645,Japan,1983,124.11764705882354
646,United Kingdom,1983,191.12426035502958
647,Sweden,1983,103.33333333333334
648,Sweden,1983,3314.5833333333335
649,Sweden,1983,inf
650,United States,1983,137.11627902544166
651,United Kingdom,1983,113.26508850501173
652,United Kingdom,1983,278.9844142785319
653,United States,1983,271.6587545022973
654,United States,1983,142.49916625458562
655,Canada,1983,112.16925270187934
656,United Kingdom,1983,353.04347826086956
657,United Kingdom,1983,140.3870007442322
658,Finland,1983,53.994161943167015
659,Canada,1983,29.502128768789643
660,South Africa,1984,106.41025641025641
661,France,1984,94.53306401374284
662,Austria,1984,55.87905935050392
663,Austria,1984,289.6980461811723
664,France,1984,143.1317853743177
665,Austria,1984,84.24511625798849
666,Austria,1984,119.79565772669221
667,France,1984,108.74216290274288
668,France,1984,115.75102719816664
669,Austria,1984,72.33612243470728
670,Denmark,1984,118.63271426872718
671,Austria,1984,312.83216783216784
672,France,1984,558.1808396124865
673,Denmark,1984,240.78331204767983
674,Austria,1984,91.2499412905347
675,France,1984,98.062039502198
676,Denmark,1984,136.6795498155986
677,Austria,1984,180.84318024931986
678,France,1984,107.06451538937762
679,Denmark,1984,102.0787457059808
680,Austria,1984,92.16139539770937
681,France,1984,98.28682197617967
682,France,1984,289.2340526440598
683,United Kingdom,1984,130.2475864216755
684,Austria,1984,138.1294964028777
685,France,1984,57.7719000565592
686,Denmark,1984,142.84872153857492
687,Austria,1984,110.11251562717044
688,France,1984,207.9913314370852
689,Denmark,1984,125.1124859392576
690,Spain,1984,249.00360320611813
691,Germany,1984,188.88888888888889
692,United Kingdom,1984,143.99625217876556
693,Norway,1984,103.2
694,Norway,1984,53.22407618727094
695,United States,1984,77.41935483870968
696,"Tanzania, United Republic Of",1984,94.82758620689656
697,Canada,1984,48.057097541633624
698,United States,1984,40.09282740800995
699,Canada,1984,1800.0
700,United States,1984,26.833586241780477
701,Canada,1984,381.6849816849817
702,Morocco,1984,
703,Australia,1984,109.97229916897507
704,Australia,1984,76.92307692307693
705,Australia,1984,129.4188376753507
706,Norway,1984,88.63636363636364
707,Belarus,1984,360.0
708,United Kingdom,1984,164.66004285992597
709,Slovakia,1984,101.84842184842185
710,Switzerland,1984,117.38283307003685
711,Japan,1984,198.9075630252101
712,United Kingdom,1984,269.2307692307692
713,Sweden,1984,163.33333333333334
714,Sweden,1984,1781.25
715,Sweden,1984,inf
716,United States,1984,127.34883717664123
717,United Kingdom,1984,132.65312994578576
718,United Kingdom,1984,338.6626445449975
719,United States,1984,300.53582110447877
720,United States,1984,146.66559333923664
721,Canada,1984,133.026518938296
722,United Kingdom,1984,859.1304347826087
723,United Kingdom,1984,169.2301331348714
724,Finland,1984,117.4748516894506
725,Canada,1984,39.810583021982794
726,South Africa,1985,87.17948717948718
727,France,1985,92.0638816000604
728,Austria,1985,32.2508398656215
729,Austria,1985,150.62166962699823
730,France,1985,95.21333638587318
731,Austria,1985,57.60775959751621
732,Austria,1985,113.28224776500639
733,France,1985,134.59355974340593
734,France,1985,81.63569079486275
735,Austria,1985,46.19794122358005
736,Denmark,1985,82.24061163641808
737,Austria,1985,136.2237762237762
738,France,1985,475.56512378902045
739,Denmark,1985,70.11494252873564
740,Austria,1985,111.47484886506216
741,France,1985,64.15920340026295
742,Denmark,1985,100.03130060832052
743,Austria,1985,169.38015186583831
744,France,1985,98.87035013031482
745,Denmark,1985,96.8889280366423
746,Austria,1985,83.26993800567406
747,France,1985,105.3525898501624
748,France,1985,320.22764998814324
749,United Kingdom,1985,125.43600124571785
750,Austria,1985,228.05755395683454
751,France,1985,58.51715074691419
752,Denmark,1985,153.38589639672833
753,Austria,1985,129.33740797332962
754,France,1985,218.3529730461872
755,Denmark,1985,81.81946006749156
756,Spain,1985,156.69534524597398
757,Germany,1985,188.88888888888889
758,United Kingdom,1985,115.28132772078732
759,Norway,1985,115.19999999999999
760,Norway,1985,49.064618248555206
761,United States,1985,70.96774193548387
762,"Tanzania, United Republic Of",1985,97.41379310344827
763,Canada,1985,177.68754956383822
764,United States,1985,52.914015024642325
765,Canada,1985,1884.5
766,United States,1985,173.03995953464846
767,Canada,1985,186.08058608058607
768,Morocco,1985,
769,Australia,1985,69.11357340720221
770,Australia,1985,85.12820512820512
771,Australia,1985,104.28857715430861
772,Norway,1985,97.72727272727273
773,Belarus,1985,340.0
774,United Kingdom,1985,205.06526397818038
775,Slovakia,1985,102.99754299754301
776,Switzerland,1985,119.82095839915745
777,Japan,1985,168.23529411764707
778,United Kingdom,1985,236.68639053254438
779,Sweden,1985,20.0
780,Sweden,1985,0.0
781,Sweden,1985,inf
782,United States,1985,151.90697672698064
783,United Kingdom,1985,142.85730320683345
784,United Kingdom,1985,446.4052287581699
785,United States,1985,220.32174720953023
786,United States,1985,168.33262417056707
787,Canada,1985,179.2225922661477
788,United Kingdom,1985,898.5507246376812
789,United Kingdom,1985,264.4257008186554
790,Finland,1985,121.04122498537339
791,Canada,1985,57.82083586758189
792,South Africa,1986,94.87179487179486
793,France,1986,97.10418515092594
794,Austria,1986,48.26427771556551
795,Austria,1986,395.20426287744226
796,France,1986,125.53891385812919
797,Austria,1986,101.90817205275802
798,Austria,1986,368.83780332056193
799,France,1986,139.30734123923676
800,France,1986,111.0323283064828
801,Austria,1986,70.37006539987772
802,Denmark,1986,111.10660917895035
803,Austria,1986,506.1888111888112
804,France,1986,755.0053821313239
805,Denmark,1986,246.91358024691357
806,Austria,1986,91.3774247009172
807,France,1986,86.96201655697881
808,Denmark,1986,124.57846245968345
809,Austria,1986,159.38756243147765
810,France,1986,118.98672903434553
811,Denmark,1986,125.13520655333392
812,Austria,1986,88.2967321634969
813,France,1986,120.17568369948657
814,France,1986,338.20251363528575
815,United Kingdom,1986,115.11990034257241
816,Austria,1986,212.9496402877698
817,France,1986,87.74162424726353
818,Denmark,1986,159.99189448087833
819,Austria,1986,148.3122655924434
820,France,1986,207.557903291345
821,Denmark,1986,102.27784026996625
822,Spain,1986,98.58077799838223
823,Germany,1986,588.8888888888889
824,United Kingdom,1986,156.15324730797585
825,Norway,1986,74.4
826,Norway,1986,45.97871299884837
827,United States,1986,64.51612903225806
828,"Tanzania, United Republic Of",1986,99.13793103448276
829,Canada,1986,100.62807295796988
830,United States,1986,43.006842432652284
831,Canada,1986,4171.5
832,United States,1986,274.5827010622155
833,Canada,1986,204.029304029304
834,Morocco,1986,
835,Australia,1986,130.4016620498615
836,Australia,1986,66.66666666666666
837,Australia,1986,113.14629258517034
838,Norway,1986,104.54545454545455
839,Belarus,1986,380.0
840,United Kingdom,1986,206.07831677381648
841,Slovakia,1986,105.27688527688528
842,Switzerland,1986,123.94944707740916
843,Japan,1986,158.0672268907563
844,United Kingdom,1986,253.25443786982248
845,Sweden,1986,210.0
846,Sweden,1986,4281.25
847,Sweden,1986,inf
848,United States,1986,142.41860457811273
849,United Kingdom,1986,155.10208663052384
850,United Kingdom,1986,338.6626445449975
851,United States,1986,335.831286352471
852,United States,1986,126.66605333670664
853,Canada,1986,152.46407846245765
854,United Kingdom,1986,859.1304347826087
855,United Kingdom,1986,200.95923261390885
856,Finland,1986,137.44629050623755
857,Canada,1986,7.2273872621426705
858,South Africa,1987,88.46153846153845
859,France,1987,68.22909784229701
860,Austria,1987,41.32138857782755
861,Austria,1987,260.39076376554175
862,France,1987,79.84660987335977
863,Austria,1987,52.871323029506414
864,Austria,1987,117.24137931034481
865,France,1987,146.19908722201555
866,France,1987,87.98049423467769
867,Austria,1987,53.75073600241838
868,Denmark,1987,81.52759366343261
869,Austria,1987,432.30769230769226
870,France,1987,651.5069967707211
871,Denmark,1987,30.92805449127288
872,Austria,1987,93.35274659652842
873,France,1987,77.23324361631224
874,Denmark,1987,58.28581538084675
875,Austria,1987,134.19113168473626
876,France,1987,87.46404559362666
877,Denmark,1987,118.57130273936404
878,Austria,1987,102.393611432174
879,France,1987,96.51077503405399
880,France,1987,411.927910837088
881,United Kingdom,1987,114.50482715664903
882,Austria,1987,252.51798561151077
883,France,1987,60.470106797085535
884,Denmark,1987,108.21973325473435
885,Austria,1987,166.9259619391582
886,France,1987,244.074224569958
887,Denmark,1987,135.03937007874015
888,Spain,1987,63.99735274652548
889,Germany,1987,333.33333333333337
890,United Kingdom,1987,107.14979572996397
891,Norway,1987,93.60000000000001
892,Norway,1987,47.56143413808155
893,United States,1987,51.61290322580645
894,"Tanzania, United Republic Of",1987,97.41379310344827
895,Canada,1987,155.2926249008723
896,United States,1987,52.914015024642325
897,Canada,1987,3000.0
898,United States,1987,563.9858371269601
899,Canada,1987,119.78021978021978
900,Morocco,1987,
901,Australia,1987,98.47645429362882
902,Australia,1987,69.74358974358974
903,Australia,1987,108.69739478957916
904,Norway,1987,111.36363636363636
905,Belarus,1987,360.0
906,United Kingdom,1987,206.07831677381648
907,Slovakia,1987,109.25344925344926
908,Switzerland,1987,121.48499210110583
909,Japan,1987,181.5546218487395
910,United Kingdom,1987,323.6686390532544
911,Sweden,1987,243.33333333333331
912,Sweden,1987,122.91666666666667
913,Sweden,1987,inf
914,United States,1987,149.95348835722055
915,United Kingdom,1987,192.85674198291633
916,United Kingdom,1987,370.18602312719963
917,United States,1987,215.50953914294078
918,United States,1987,124.99971250158124
919,Canada,1987,156.8710847150826
920,United Kingdom,1987,582.3188405797101
921,United Kingdom,1987,215.3890680559001
922,Finland,1987,171.68322250671565
923,Canada,1987,13.744026414110696
924,South Africa,1988,92.3076923076923
925,France,1988,94.25178864704661
926,Austria,1988,60.58230683090705
927,Austria,1988,280.46181172291296
928,France,1988,140.86467207287535
929,Austria,1988,107.7505325658342
930,Austria,1988,266.1558109833972
931,France,1988,166.98247938083531
932,France,1988,120.6912208141382
933,Austria,1988,64.9974169417041
934,Denmark,1988,121.01443211795846
935,Austria,1988,619.4055944055945
936,France,1988,1041.3347685683532
937,Denmark,1988,88.20774797786292
938,Austria,1988,76.392756258429
939,France,1988,99.67767430171871
940,Denmark,1988,107.0698547923953
941,Austria,1988,151.6135745320177
942,France,1988,113.92317667530337
943,Denmark,1988,112.91288646172816
944,Austria,1988,90.60838499527162
945,France,1988,133.9911284970836
946,France,1988,339.90988854636
947,United Kingdom,1988,173.1002802865151
948,Austria,1988,165.46762589928056
949,France,1988,42.95505206773797
950,Denmark,1988,93.78822489131235
951,Austria,1988,105.48687317683012
952,France,1988,338.43965867533524
953,Denmark,1988,223.5658042744657
954,Spain,1988,118.03073755423192
955,Germany,1988,544.4444444444445
956,United Kingdom,1988,225.17171772843452
957,Norway,1988,148.8
958,Norway,1988,47.41498083223341
959,United States,1988,38.70967741935484
960,"Tanzania, United Republic Of",1988,87.93103448275862
961,Canada,1988,74.8517049960349
962,United States,1988,32.14507871190009
963,Canada,1988,1737.5
964,United States,1988,546.2822458270107
965,Canada,1988,148.35164835164835
966,Morocco,1988,
967,Australia,1988,94.5983379501385
968,Australia,1988,61.02564102564103
969,Australia,1988,70.9819639278557
970,Norway,1988,115.90909090909092
971,Belarus,1988,400.0
972,United Kingdom,1988,224.25482174167155
973,Slovakia,1988,111.53279153279155
974,Switzerland,1988,112.04318062137968
975,Japan,1988,206.55462184873952
976,United Kingdom,1988,291.71597633136093
977,Sweden,1988,126.66666666666666
978,Sweden,1988,5393.75
979,Sweden,1988,inf
980,United States,1988,123.16279073718854
981,United Kingdom,1988,195.91765722688038
982,United Kingdom,1988,350.27652086475615
983,United States,1988,278.0758804138932
984,United States,1988,149.16567958876226
985,Canada,1988,214.99565214819373
986,United Kingdom,1988,859.1304347826087
987,United Kingdom,1988,200.95923261390885
988,Finland,1988,107.8458325207446
989,Canada,1988,2.1322443305239376
990,South Africa,1989,93.58974358974359
991,France,1989,99.38836765899609
992,Austria,1989,65.2855543113102
993,Austria,1989,270.3374777975133
994,France,1989,185.65326360689713
995,Austria,1989,104.24239677287768
996,Austria,1989,277.26692209450835
997,France,1989,207.71161296761727
998,France,1989,129.60193672141
999,Austria,1989,65.21387497095469
1000,Denmark,1989,121.69618123604462
1001,Austria,1989,340.97902097902096
1002,France,1989,1004.7362755651237
1003,Denmark,1989,200.4469987228608
1004,Austria,1989,102.20412106898193
1005,France,1989,99.11205643795503
1006,Denmark,1989,112.63115635334304
1007,Austria,1989,181.5761156454298
1008,France,1989,114.54073898565899
1009,Denmark,1989,106.48462961331806
1010,Austria,1989,106.7353157507618
1011,France,1989,118.79606021445287
1012,France,1989,337.46739388190656
1013,United Kingdom,1989,188.99096854562444
1014,Austria,1989,293.52517985611513
1015,France,1989,53.74954253584855
1016,Denmark,1989,116.02313757276545
1017,Austria,1989,147.24267259341573
1018,France,1989,291.80549911959906
1019,Denmark,1989,142.58998875140608
1020,Spain,1989,244.37826310758143
1021,Germany,1989,255.55555555555554
1022,United Kingdom,1989,207.27380452080934
1023,Norway,1989,73.6
1024,Norway,1989,43.86828668037422
1025,United States,1989,38.70967741935484
1026,"Tanzania, United Republic Of",1989,84.48275862068965
1027,Canada,1989,139.04520222045994
1028,United States,1989,72.78099430594766
1029,Canada,1989,762.5
1030,United States,1989,318.6646433990895
1031,Canada,1989,201.09890109890108
1032,Morocco,1989,
1033,Australia,1989,51.17728531855956
1034,Australia,1989,65.12820512820512
1035,Australia,1989,43.64729458917836
1036,Norway,1989,127.27272727272727
1037,Belarus,1989,440.00000000000006
1038,United Kingdom,1989,236.37249172024158
1039,Slovakia,1989,116.07635607635606
1040,Switzerland,1989,108.07266982622433
1041,Japan,1989,107.05882352941177
1042,United Kingdom,1989,290.5325443786982
1043,Sweden,1989,156.66666666666666
1044,Sweden,1989,370.83333333333337
1045,Sweden,1989,inf
1046,United States,1989,141.30232562163852
1047,United Kingdom,1989,206.12183048792807
1048,United Kingdom,1989,292.25741578682755
1049,United States,1989,247.59516870092017
1050,United States,1989,158.33227917246455
1051,Canada,1989,215.0311448160001
1052,United Kingdom,1989,859.1304347826087
1053,United Kingdom,1989,195.19556768378402
1054,Finland,1989,120.3281390564744
1055,Canada,1989,2.1322443305239376
1056,South Africa,1990,92.3076923076923
1057,France,1990,84.44301814131727
1058,Austria,1990,84.5464725643897
1059,Austria,1990,348.6678507992895
1060,France,1990,177.34633875962453
1061,Austria,1990,126.94556497303178
1062,Austria,1990,230.65134099616859
1063,France,1990,165.81836988377052
1064,France,1990,126.65454031419299
1065,Austria,1990,58.81048473514065
1066,Denmark,1990,125.87035316189781
1067,Austria,1990,495.34965034965035
1068,France,1990,1341.227125941873
1069,Denmark,1990,212.00510855683268
1070,Austria,1990,107.28198659411294
1071,France,1990,101.64841368409168
1072,Denmark,1990,117.5623630598386
1073,Austria,1990,191.82502943923336
1074,France,1990,133.96286983039965
1075,Denmark,1990,102.49625649608033
1076,Austria,1990,106.16791005568982
1077,France,1990,127.24319793231113
1078,France,1990,429.54707137775665
1079,United Kingdom,1990,188.29803799439426
1080,Austria,1990,302.158273381295
1081,France,1990,50.926572844927975
1082,Denmark,1990,153.536953798541
1083,Austria,1990,130.90707042644812
1084,France,1990,339.3471488554788
1085,Denmark,1990,124.9156355455568
1086,Spain,1990,129.73748069711007
1087,Germany,1990,322.22222222222223
1088,United Kingdom,1990,217.92271496579426
1089,Norway,1990,120.0
1090,Norway,1990,52.80114954013138
1091,United States,1990,48.38709677419355
1092,"Tanzania, United Republic Of",1990,87.06896551724138
1093,Canada,1990,111.02299762093577
1094,United States,1990,83.11163213550887
1095,Canada,1990,1170.75
1096,United States,1990,210.546282245827
1097,Canada,1990,515.3846153846155
1098,Morocco,1990,
1099,Australia,1990,31.994459833795013
1100,Australia,1990,72.3076923076923
1101,Australia,1990,57.675350701402806
1102,Norway,1990,136.36363636363635
1103,Belarus,1990,500.0
1104,United Kingdom,1990,230.31365673095655
1105,Slovakia,1990,116.0914760914761
1106,Switzerland,1990,111.63770405476568
1107,Japan,1990,173.02521008403363
1108,United Kingdom,1990,379.2899408284024
1109,Sweden,1990,20.0
1110,Sweden,1990,1237.5
1111,Sweden,1990,inf
1112,United States,1990,141.86046502150353
1113,United Kingdom,1990,218.36661391161846
1114,United Kingdom,1990,201.10608345902463
1115,United States,1990,369.5205610212419
1116,United States,1990,154.99959750221376
1117,Canada,1990,219.5209672935066
1118,United Kingdom,1990,787.8260869565217
1119,United Kingdom,1990,123.07946746051435
1120,Finland,1990,71.11262794340608
1121,Canada,1990,0.35624294030758535
1122,South Africa,1991,92.94871794871796
1123,France,1991,68.16868970985219
1124,Austria,1991,97.08846584546473
1125,Austria,1991,298.9342806394316
1126,France,1991,210.3842585340579
1127,Austria,1991,120.32815120337217
1128,Austria,1991,398.33971902937424
1129,France,1991,175.19076696941377
1130,France,1991,126.00587719306458
1131,Austria,1991,51.40827435914211
1132,Denmark,1991,171.71710054037865
1133,Austria,1991,370.9090909090909
1134,France,1991,1342.9494079655544
1135,Denmark,1991,245.61515538527036
1136,Austria,1991,95.69575748629553
1137,France,1991,100.7149438934759
1138,Denmark,1991,130.16426014888202
1139,Austria,1991,168.47616437243676
1140,France,1991,119.95638338798149
1141,Denmark,1991,138.26653747908043
1142,Austria,1991,96.72585898917725
1143,France,1991,157.82368761133037
1144,France,1991,416.07778041261565
1145,United Kingdom,1991,197.57085020242914
1146,Austria,1991,323.7410071942446
1147,France,1991,64.38599993345976
1148,Denmark,1991,187.25591334463195
1149,Austria,1991,95.65217391304348
1150,France,1991,321.12962210483545
1151,Denmark,1991,154.8368953880765
1152,Spain,1991,166.06368115302595
1153,Germany,1991,388.88888888888886
1154,United Kingdom,1991,206.41056554898003
1155,Norway,1991,55.2
1156,Norway,1991,70.2050346281874
1157,United States,1991,38.70967741935484
1158,"Tanzania, United Republic Of",1991,86.20689655172413
1159,Canada,1991,119.6923076923077
1160,United States,1991,31.93214986362984
1161,Canada,1991,2918.75
1162,United States,1991,604.4511886697015
1163,Canada,1991,463.73626373626377
1164,Morocco,1991,
1165,Australia,1991,34.556786703601105
1166,Australia,1991,56.41025641025641
1167,Australia,1991,52.505010020040075
1168,Norway,1991,152.27272727272728
1169,Belarus,1991,620.0
1170,United Kingdom,1991,237.38554451587763
1171,Slovakia,1991,122.33226233226233
1172,Switzerland,1991,108.79410215903107
1173,Japan,1991,178.9495798319328
1174,United Kingdom,1991,305.32544378698225
1175,Sweden,1991,23.333333333333332
1176,Sweden,1991,5912.5
1177,Sweden,1991,inf
1178,United States,1991,153.86046509674074
1179,United Kingdom,1991,263.2645272810946
1180,United Kingdom,1991,343.6400201106083
1181,United States,1991,329.41416044087515
1182,United States,1991,169.99896500569247
1183,Canada,1991,209.13048879319012
1184,United Kingdom,1991,519.1304347826086
1185,United Kingdom,1991,195.19556768378402
1186,Finland,1991,225.53489308429323
1187,Canada,1991,5.8058910417933784
1188,South Africa,1992,94.87179487179486
1189,France,1992,89.40026051007118
1190,Austria,1992,99.88801791713325
1191,Austria,1992,286.6785079928952
1192,France,1992,173.89174729789977
1193,Austria,1992,120.27829397634049
1194,Austria,1992,383.39719029374197
1195,France,1992,232.0780670156878
1196,France,1992,121.87536568629196
1197,Austria,1992,59.97455292787966
1198,Denmark,1992,158.45514240541172
1199,Austria,1992,488.1818181818182
1200,France,1992,1440.4736275565124
1201,Denmark,1992,252.53299276287783
1202,Austria,1992,91.38480531941305
1203,France,1992,104.03180280223042
1204,Denmark,1992,147.66538288809352
1205,Austria,1992,174.6086612254842
1206,France,1992,130.95785850587626
1207,Denmark,1992,132.40905487536335
1208,Austria,1992,96.53462225491226
1209,France,1992,186.2893367329119
1210,France,1992,373.17998577187575
1211,United Kingdom,1992,257.108377452507
1212,Austria,1992,446.76258992805754
1213,France,1992,55.78567388628273
1214,Denmark,1992,238.3796330410434
1215,Austria,1992,102.8198360883456
1216,France,1992,385.2769876743871
1217,Denmark,1992,252.32002249718786
1218,Spain,1992,128.6859327891757
1219,Germany,1992,100.0
1220,United Kingdom,1992,208.45188803384062
1221,Norway,1992,91.2
1222,Norway,1992,90.71914620614947
1223,United States,1992,38.70967741935484
1224,"Tanzania, United Republic Of",1992,86.20689655172413
1225,Canada,1992,71.42585249801745
1226,United States,1992,33.661897698454474
1227,Canada,1992,834.75
1228,United States,1992,100.22761760242793
1229,Canada,1992,277.65567765567766
1230,Morocco,1992,
1231,Australia,1992,81.7174515235457
1232,Australia,1992,62.56410256410256
1233,Australia,1992,70.94188376753507
1234,Norway,1992,165.9090909090909
1235,Belarus,1992,680.0
1236,United Kingdom,1992,261.6403662575492
1237,Slovakia,1992,121.21716121716122
1238,Switzerland,1992,100.86361242759348
1239,Japan,1992,118.99159663865547
1240,United Kingdom,1992,302.9585798816568
1241,Sweden,1992,2063.3333333333335
1242,Sweden,1992,6235.416666666666
1243,Sweden,1992,inf
1244,United States,1992,177.02325583392928
1245,United Kingdom,1992,221.42865160341674
1246,United Kingdom,1992,156.35997988939167
1247,United States,1992,327.8092425958687
1248,United States,1992,211.6655358395529
1249,Canada,1992,262.7350649811593
1250,United Kingdom,1992,542.8985507246376
1251,United Kingdom,1992,59.6129992557678
1252,Finland,1992,189.15838874664217
1253,Canada,1992,89.33704057693978
1254,South Africa,1993,97.43589743589743
1255,France,1993,83.94276329450852
1256,Austria,1993,62.37402015677491
1257,Austria,1993,170.33747779751332
1258,France,1993,152.853321444494
1259,Austria,1993,82.2870869781988
1260,Austria,1993,245.84929757343554
1261,France,1993,222.25581374248046
1262,France,1993,120.06399568618897
1263,Austria,1993,58.55308128399429
1264,Denmark,1993,170.8900173079718
1265,Austria,1993,362.13286713286715
1266,France,1993,1307.7502691065663
1267,Denmark,1993,267.17752234993617
1268,Austria,1993,90.55280832533766
1269,France,1993,91.52556570891622
1270,Denmark,1993,157.03923463208176
1271,Austria,1993,166.6128639298331
1272,France,1993,140.25237509267257
1273,Denmark,1993,131.04201532634545
1274,Austria,1993,92.12146684879689
1275,France,1993,152.56714749746777
1276,France,1993,330.851316101494
1277,United Kingdom,1993,202.55372158206166
1278,Austria,1993,509.35251798561154
1279,France,1993,74.16408823235852
1280,Denmark,1993,311.7714243607693
1281,Austria,1993,122.14196416168912
1282,France,1993,305.7700121901666
1283,Denmark,1993,215.53712035995503
1284,Spain,1993,81.09419810280167
1285,Germany,1993,366.66666666666663
1286,United Kingdom,1993,210.51318971278187
1287,Norway,1993,179.20000000000002
1288,Norway,1993,99.33951399588776
1289,United States,1993,41.935483870967744
1290,"Tanzania, United Republic Of",1993,87.93103448275862
1291,Canada,1993,91.06106264869152
1292,United States,1993,66.60127278817168
1293,Canada,1993,1152.5
1294,United States,1993,275.0379362670713
1295,Canada,1993,244.6886446886447
1296,Morocco,1993,
1297,Australia,1993,45.98337950138504
1298,Australia,1993,61.53846153846154
1299,Australia,1993,46.57314629258517
1300,Norway,1993,181.8181818181818
1301,Belarus,1993,680.0
1302,United Kingdom,1993,259.614260666277
1303,Slovakia,1993,122.36250236250237
1304,Switzerland,1993,105.93470247498684
1305,Japan,1993,174.74789915966386
1306,United Kingdom,1993,365.08875739644975
1307,Sweden,1993,1630.0
1308,Sweden,1993,122.91666666666667
1309,Sweden,1993,inf
1310,United States,1993,122.32558132390265
1311,United Kingdom,1993,253.06147646788116
1312,United Kingdom,1993,267.420814479638
1313,United States,1993,435.2967379822072
1314,United States,1993,118.33319916740459
1315,Canada,1993,296.99317949233654
1316,United Kingdom,1993,629.8550724637681
1317,United Kingdom,1993,114.4215661953196
1318,Finland,1993,179.52905502746026
1319,Canada,1993,15.165522634459986
1320,South Africa,1994,101.28205128205127
1321,France,1994,90.38189266229966
1322,Austria,1994,74.58006718924972
1323,Austria,1994,231.4387211367673
1324,France,1994,169.63345422997676
1325,Austria,1994,96.05674658931243
1326,Austria,1994,574.9680715197957
1327,France,1994,257.9882590982915
1328,France,1994,114.12361203036518
1329,Austria,1994,56.399893519343614
1330,Denmark,1994,155.5960240109573
1331,Austria,1994,443.6713286713287
1332,France,1994,1317.6533907427342
1333,Denmark,1994,285.1213282247765
1334,Austria,1994,103.13676286072773
1335,France,1994,100.47930013439344
1336,Denmark,1994,159.40175011227393
1337,Austria,1994,178.8123807203476
1338,France,1994,126.58269449773383
1339,Denmark,1994,127.09416013388532
1340,Austria,1994,117.54124198802143
1341,France,1994,162.98243163005134
1342,France,1994,348.49419018259425
1343,United Kingdom,1994,214.62161320460916
1344,Austria,1994,383.45323741007195
1345,France,1994,71.67548324849453
1346,Denmark,1994,349.6278829857785
1347,Austria,1994,117.28017780247258
1348,France,1994,350.53501286739805
1349,Denmark,1994,150.94206974128235
1350,Spain,1994,136.2306051915582
1351,Germany,1994,455.55555555555554
1352,United Kingdom,1994,212.59515952353064
1353,Norway,1994,159.20000000000002
1354,Norway,1994,97.30113113486854
1355,United States,1994,54.83870967741935
1356,"Tanzania, United Republic Of",1994,87.93103448275862
1357,Canada,1994,206.96907216494847
1358,United States,1994,181.96325183023112
1359,Canada,1994,2683.5
1360,United States,1994,1585.1036924633283
1361,Canada,1994,577.6556776556777
1362,Morocco,1994,
1363,Australia,1994,70.22160664819944
1364,Australia,1994,62.56410256410256
1365,Australia,1994,45.0501002004008
1366,Norway,1994,188.63636363636365
1367,Belarus,1994,680.0
1368,United Kingdom,1994,281.8429768166764
1369,Slovakia,1994,122.37384237384236
1370,Switzerland,1994,106.10847814639284
1371,Japan,1994,177.7310924369748
1372,United Kingdom,1994,263.3136094674556
1373,Sweden,1994,290.0
1374,Sweden,1994,9377.083333333332
1375,Sweden,1994,inf
1376,United States,1994,132.93023258598896
1377,United Kingdom,1994,291.836436901595
1378,United Kingdom,1994,191.15133232780292
1379,United States,1994,419.2539232032175
1380,United States,1994,179.16556458939476
1381,Canada,1994,352.083715372466
1382,United Kingdom,1994,629.8550724637681
1383,United Kingdom,1994,94.22806582320351
1384,Finland,1994,172.39662298609056
1385,Canada,1994,9.597706143018506
1386,South Africa,1995,103.84615384615385
1387,France,1995,107.34147584618579
1388,Austria,1995,78.27547592385218
1389,Austria,1995,222.5577264653641
1390,France,1995,209.884806786278
1391,Austria,1995,91.92766169605221
1392,Austria,1995,472.79693486590037
1393,France,1995,300.63458938600706
1394,France,1995,109.24688985271442
1395,Austria,1995,53.09233813022674
1396,Denmark,1995,169.00155463461684
1397,Austria,1995,526.9230769230769
1398,France,1995,1552.6372443487621
1399,Denmark,1995,377.8203490847169
1400,Austria,1995,120.40808110628763
1401,France,1995,106.80089012882101
1402,Denmark,1995,181.00597433350117
1403,Austria,1995,181.54972185000202
1404,France,1995,126.6170884382858
1405,Denmark,1995,179.5137849026689
1406,Austria,1995,93.72071030787012
1407,France,1995,137.79295169571444
1408,France,1995,352.9523357837325
1409,United Kingdom,1995,211.6786047960137
1410,Austria,1995,411.5107913669065
1411,France,1995,70.2864557341052
1412,Denmark,1995,352.4021811215091
1413,Austria,1995,107.59827753854702
1414,France,1995,304.9573344169037
1415,Denmark,1995,167.2525309336333
1416,Spain,1995,154.0260313258328
1417,Germany,1995,555.5555555555555
1418,United Kingdom,1995,176.0339232936735
1419,Norway,1995,138.39999999999998
1420,Norway,1995,103.69064960060584
1421,United States,1995,51.61290322580645
1422,"Tanzania, United Republic Of",1995,85.34482758620689
1423,Canada,1995,164.85646312450436
1424,United States,1995,130.4201157950141
1425,Canada,1995,4114.0
1426,United States,1995,508.34597875569045
1427,Canada,1995,770.3296703296703
1428,Morocco,1995,
1429,Australia,1995,36.98060941828255
1430,Australia,1995,47.69230769230769
1431,Australia,1995,43.567134268537075
1432,Norway,1995,165.9090909090909
1433,Belarus,1995,660.0
1434,United Kingdom,1995,350.53574907461524
1435,Slovakia,1995,123.52674352674353
1436,Switzerland,1995,105.58188520273828
1437,Japan,1995,193.9075630252101
1438,United Kingdom,1995,255.02958579881656
1439,Sweden,1995,530.0
1440,Sweden,1995,5839.583333333334
1441,Sweden,1995,inf
1442,United States,1995,133.20930228592147
1443,United Kingdom,1995,224.48956684738076
1444,United Kingdom,1995,350.27652086475615
1445,United States,1995,382.3548128444337
1446,United States,1995,171.66530584081787
1447,Canada,1995,365.50585924791034
1448,United Kingdom,1995,708.6956521739131
1449,United Kingdom,1995,94.22806582320351
1450,Finland,1995,89.65758035191908
1451,Canada,1995,11.373707533234859
1452,South Africa,1996,106.41025641025641
1453,France,1996,98.91642912427085
1454,Austria,1996,216.68533034714446
1455,Austria,1996,343.3392539964476
1456,France,1996,194.56266342133483
1457,Austria,1996,135.33517653990845
1458,Austria,1996,468.71008939974456
1459,France,1996,265.16018981426873
1460,France,1996,94.26641340501799
1461,Austria,1996,56.647145212995156
1462,Denmark,1996,125.791520415039
1463,Austria,1996,800.5944055944055
1464,France,1996,1862.1097954790098
1465,Denmark,1996,119.32737335036185
1466,Austria,1996,129.09238521460827
1467,France,1996,100.36384561873786
1468,Denmark,1996,131.47072032226018
1469,Austria,1996,202.1500791813863
1470,France,1996,128.79970242872173
1471,Denmark,1996,200.1867347837576
1472,Austria,1996,103.732268572029
1473,France,1996,166.40005588348293
1474,France,1996,364.5245435143467
1475,United Kingdom,1996,216.25661787605108
1476,Austria,1996,563.3093525179855
1477,France,1996,83.56456066806402
1478,Denmark,1996,284.27160857711294
1479,Austria,1996,131.9627726073066
1480,France,1996,181.97209806311798
1481,Denmark,1996,131.2992125984252
1482,Spain,1996,66.32105301860432
1483,Germany,1996,677.7777777777777
1484,United Kingdom,1996,145.7606216974048
1485,Norway,1996,95.19999999999999
1486,Norway,1996,104.50955233142096
1487,United States,1996,70.96774193548387
1488,"Tanzania, United Republic Of",1996,84.48275862068965
1489,Canada,1996,245.13243457573353
1490,United States,1996,43.69587061581894
1491,Canada,1996,3607.75
1492,United States,1996,355.96863935255436
1493,Canada,1996,1083.5164835164835
1494,Morocco,1996,
1495,Australia,1996,29.293628808864263
1496,Australia,1996,58.46153846153847
1497,Australia,1996,86.41282565130261
1498,Norway,1996,181.8181818181818
1499,Belarus,1996,700.0
1500,United Kingdom,1996,401.0325345801675
1501,Slovakia,1996,113.91797391797391
1502,Switzerland,1996,110.41600842548709
1503,Japan,1996,174.9579831932773
1504,United Kingdom,1996,282.24852071005915
1505,Sweden,1996,566.6666666666667
1506,Sweden,1996,7102.083333333333
1507,Sweden,1996,inf
1508,United States,1996,124.55813955033943
1509,United Kingdom,1996,263.2645272810946
1510,United Kingdom,1996,355.253896430367
1511,United States,1996,409.62823433582366
1512,United States,1996,123.33222167278079
1513,Canada,1996,395.3013623268993
1514,United Kingdom,1996,1183.1884057971015
1515,United Kingdom,1996,134.61506656743572
1516,Finland,1996,179.88575526714772
1517,Canada,1996,16.70692501520549
1518,South Africa,1997,106.41025641025641
1519,France,1997,106.75060880070978
1520,Austria,1997,99.66405375139978
1521,Austria,1997,392.0071047957371
1522,France,1997,151.05975346724344
1523,Austria,1997,69.09758419072656
1524,Austria,1997,355.6832694763729
1525,France,1997,215.4524420894087
1526,France,1997,86.55407195489222
1527,Austria,1997,42.159120902919874
1528,Denmark,1997,83.47154754407367
1529,Austria,1997,672.027972027972
1530,France,1997,1451.2917115177609
1531,Denmark,1997,125.07449978714347
1532,Austria,1997,148.28132233844832
1533,France,1997,79.09362742062957
1534,Denmark,1997,113.1666689348267
1535,Austria,1997,190.70278556056363
1536,France,1997,92.35741163941901
1537,Denmark,1997,140.67118823218533
1538,Austria,1997,132.64474098980773
1539,France,1997,152.60032831546226
1540,France,1997,219.0419729665639
1541,United Kingdom,1997,230.8237309249455
1542,Austria,1997,628.7769784172662
1543,France,1997,81.27058588681506
1544,Denmark,1997,268.7384864785204
1545,Austria,1997,169.28740102792054
1546,France,1997,272.9649194094542
1547,Denmark,1997,96.65354330708661
1548,Spain,1997,105.68424148834472
1549,Germany,1997,488.8888888888889
1550,United Kingdom,1997,156.84356291034854
1551,Norway,1997,145.6
1552,Norway,1997,95.8723568727881
1553,United States,1997,77.41935483870968
1554,"Tanzania, United Republic Of",1997,81.89655172413794
1555,Canada,1997,85.51625693893735
1556,United States,1997,34.71697210392842
1557,Canada,1997,837.5
1558,United States,1997,291.47698533131006
1559,Canada,1997,763.3699633699634
1560,Morocco,1997,
1561,Australia,1997,24.168975069252078
1562,Australia,1997,48.717948717948715
1563,Australia,1997,53.14629258517034
1564,Norway,1997,188.63636363636365
1565,Belarus,1997,740.0
1566,United Kingdom,1997,449.52269627897914
1567,Slovakia,1997,95.81931581931582
1568,Switzerland,1997,111.72195892575039
1569,Japan,1997,391.8067226890756
1570,United Kingdom,1997,250.88757396449702
1571,Sweden,1997,33.33333333333333
1572,Sweden,1997,5295.833333333334
1573,Sweden,1997,inf
1574,United States,1997,144.6511628045495
1575,United Kingdom,1997,265.30625989157153
1576,United Kingdom,1997,267.420814479638
1577,United States,1997,703.2123811584427
1578,United States,1997,145.83299791851147
1579,Canada,1997,389.3758614366249
1580,United Kingdom,1997,740.5797101449275
1581,United Kingdom,1997,177.88803440006615
1582,Finland,1997,91.08406676019301
1583,Canada,1997,12.796941524024675
1584,South Africa,1998,115.38461538461537
1585,France,1998,70.81532101259131
1586,Austria,1998,155.76707726763718
1587,Austria,1998,252.04262877442272
1588,France,1998,170.12748370305212
1589,Austria,1998,168.6715315233649
1590,Austria,1998,558.6206896551724
1591,France,1998,245.0326186566013
1592,France,1998,93.2391684305423
1593,Austria,1998,51.11308381065393
1594,Denmark,1998,122.48582992385373
1595,Austria,1998,795.8391608391607
1596,France,1998,1973.4122712594185
1597,Denmark,1998,212.75010642826734
1598,Austria,1998,103.14481444454135
1599,France,1998,91.68035488605696
1600,Denmark,1998,140.7220914249942
1601,Austria,1998,164.1602712470053
1602,France,1998,100.47641976912749
1603,Denmark,1998,159.11741389940985
1604,Austria,1998,106.45581590837449
1605,France,1998,156.80556040655233
1606,France,1998,244.72373725397202
1607,United Kingdom,1998,220.02491435689814
1608,Austria,1998,454.67625899280574
1609,France,1998,64.14479156269755
1610,Denmark,1998,251.29319873259158
1611,Austria,1998,119.29434643700515
1612,France,1998,342.8958417987268
1613,Denmark,1998,197.70809898762656
1614,Spain,1998,117.36157070372822
1615,Germany,1998,344.44444444444446
1616,United Kingdom,1998,153.83634973234768
1617,Norway,1998,100.0
1618,Norway,1998,108.65967617254671
1619,United States,1998,45.16129032258064
1620,"Tanzania, United Republic Of",1998,81.03448275862068
1621,Canada,1998,43.02616970658208
1622,United States,1998,37.33432221637399
1623,Canada,1998,1834.25
1624,United States,1998,280.72837632776935
1625,Canada,1998,284.61538461538464
1626,Morocco,1998,
1627,Australia,1998,57.340720221606645
1628,Australia,1998,45.12820512820513
1629,Australia,1998,59.03807615230461
1630,Norway,1998,215.9090909090909
1631,Belarus,1998,720.0
1632,United Kingdom,1998,450.53574907461524
1633,Slovakia,1998,120.74088074088074
1634,Switzerland,1998,115.28699315429174
1635,Japan,1998,427.05882352941177
1636,United Kingdom,1998,285.20710059171597
1637,Sweden,1998,380.0
1638,Sweden,1998,693.75
1639,Sweden,1998,inf
1640,United States,1998,157.48837197958423
1641,United Kingdom,1998,259.18330695580926
1642,United Kingdom,1998,206.0834590246355
1643,United States,1998,403.21110842422775
1644,United States,1998,159.16602458686478
1645,Canada,1998,493.5764186715095
1646,United Kingdom,1998,811.5942028985507
1647,United Kingdom,1998,180.76573224179276
1648,Finland,1998,67.54625464748328
1649,Canada,1998,31.04353114953514
1650,South Africa,1999,119.23076923076923
1651,France,1999,109.94280104959131
1652,Austria,1999,116.57334826427773
1653,Austria,1999,302.664298401421
1654,France,1999,209.06604330590065
1655,Austria,1999,157.74826632824187
1656,Austria,1999,563.6015325670498
1657,France,1999,256.03240996978576
1658,France,1999,109.68220281464936
1659,Austria,1999,62.34419872178093
1660,Denmark,1999,142.9986391442023
1661,Austria,1999,822.4475524475524
1662,France,1999,2198.331539289559
1663,Denmark,1999,213.45253299276288
1664,Austria,1999,116.80566831500481
1665,France,1999,100.32596779656696
1666,Denmark,1999,134.64637117077885
1667,Austria,1999,180.1676006009664
1668,France,1999,110.11513053137365
1669,Denmark,1999,204.31251651545844
1670,Austria,1999,118.80634653777452
1671,France,1999,167.48629108309174
1672,France,1999,186.5544225752905
1673,United Kingdom,1999,206.9526627218935
1674,Austria,1999,461.87050359712225
1675,France,1999,64.06327976843997
1676,Denmark,1999,265.7726033453688
1677,Austria,1999,159.93888040005558
1678,France,1999,297.15562779357987
1679,Denmark,1999,153.75421822272216
1680,Spain,1999,167.81380983895875
1681,Germany,1999,611.1111111111111
1682,United Kingdom,1999,173.1452074047027
1683,Norway,1999,52.800000000000004
1684,Norway,1999,107.21959582042777
1685,United States,1999,80.64516129032258
1686,"Tanzania, United Republic Of",1999,79.3103448275862
1687,Canada,1999,40.93259318001586
1688,United States,1999,10.888080769414804
1689,Canada,1999,1284.0
1690,United States,1999,277.5670207384927
1691,Canada,1999,409.5238095238095
1692,Morocco,1999,inf
1693,Australia,1999,17.72853185595568
1694,Australia,1999,47.69230769230769
1695,Australia,1999,43.52705410821643
1696,Norway,1999,206.81818181818184
1697,Belarus,1999,740.0
1698,United Kingdom,1999,448.5096434833431
1699,Slovakia,1999,123.02022302022301
1700,Switzerland,1999,121.67983149025802
1701,Japan,1999,553.0672268907563
1702,United Kingdom,1999,246.74556213017752
1703,Sweden,1999,16.666666666666664
1704,Sweden,1999,4875.0
1705,Sweden,1999,inf
1706,United States,1999,173.6744184942741
1707,United Kingdom,1999,236.73435027107118
1708,United Kingdom,1999,191.15133232780292
1709,United States,1999,302.1407389494852
1710,United States,1999,196.66501834239912
1711,Canada,1999,593.3125898408153
1712,United Kingdom,1999,526.9565217391304
1713,United Kingdom,1999,195.19556768378402
1714,Finland,1999,103.20967305623535
1715,Canada,1999,12.915109913980361
1716,South Africa,2000,108.97435897435896
1717,France,2000,98.67102108621373
1718,Austria,2000,106.83090705487122
1719,Austria,2000,253.6412078152753
1720,France,2000,208.4623633888012
1721,Austria,2000,95.82559035489281
1722,Austria,2000,574.8403575989782
1723,France,2000,232.21815938228704
1724,France,2000,103.86033662330077
1725,Austria,2000,55.041137177315115
1726,Denmark,2000,169.57364255735192
1727,Austria,2000,562.1678321678321
1728,France,2000,2456.081808396125
1729,Denmark,2000,209.21668795232017
1730,Austria,2000,90.79972356228907
1731,France,2000,90.23735554527674
1732,Denmark,2000,151.45820007893195
1733,Austria,2000,167.81175132984123
1734,France,2000,120.76757084514828
1735,Denmark,2000,187.82524442878534
1736,Austria,2000,116.62288536303458
1737,France,2000,149.37131081694665
1738,France,2000,80.55489684609913
1739,United Kingdom,2000,200.49050140143257
1740,Austria,2000,341.726618705036
1741,France,2000,67.19233456432778
1742,Denmark,2000,246.98253629061972
1743,Austria,2000,125.21183497708014
1744,France,2000,280.3873764052553
1745,Denmark,2000,233.83014623172102
1746,Spain,2000,116.90565482756085
1747,Germany,2000,255.55555555555554
1748,United Kingdom,2000,167.52347555304476
1749,Norway,2000,46.400000000000006
1750,Norway,2000,103.76085253177538
1751,United States,2000,96.7741935483871
1752,"Tanzania, United Republic Of",2000,80.17241379310344
1753,Canada,2000,16.028548770816812
1754,United States,2000,21.31920187568783
1755,Canada,2000,360.5
1756,United States,2000,233.30804248861915
1757,Canada,2000,247.985347985348
1758,Morocco,2000,inf
1759,Australia,2000,40.7202216066482
1760,Australia,2000,45.12820512820513
1761,Australia,2000,67.89579158316633
1762,Norway,2000,225.0
1763,Belarus,2000,720.0
1764,United Kingdom,2000,471.75141242937855
1765,Slovakia,2000,125.86656586656586
1766,Switzerland,2000,124.68141126908901
1767,Japan,2000,198.69747899159665
1768,United Kingdom,2000,223.66863905325442
1769,Sweden,2000,850.0
1770,Sweden,2000,0.0
1771,Sweden,2000,inf
1772,United States,2000,180.65116271677275
1773,United Kingdom,2000,275.51043315261927
1774,United Kingdom,2000,114.93212669683257
1775,United States,2000,311.766427816879
1776,United States,2000,180.83190542452016
1777,Canada,2000,484.7062094422327
1778,United Kingdom,2000,1033.0434782608697
1779,United Kingdom,2000,203.8451997023071
1780,Finland,2000,111.05550557697994
1781,Canada,2000,15.165522634459986
1782,South Africa,2001,120.51282051282051
1783,France,2001,103.27336567685425
1784,Austria,2001,172.00447928331465
1785,Austria,2001,292.7175843694494
1786,France,2001,251.1880806352496
1787,Austria,2001,128.15573584734622
1788,Austria,2001,727.9693486590038
1789,France,2001,284.629036502046
1790,France,2001,115.74859319020743
1791,Austria,2001,57.37559021190102
1792,Denmark,2001,180.88548112197935
1793,Austria,2001,844.2657342657343
1794,France,2001,2926.157158234661
1795,Denmark,2001,214.11238825031927
1796,Austria,2001,107.06190996987365
1797,France,2001,83.34104244137133
1798,Denmark,2001,145.83293640532926
1799,Austria,2001,148.53768221870305
1800,France,2001,127.22395041158083
1801,Denmark,2001,164.77406852814232
1802,Austria,2001,97.31848271514133
1803,France,2001,153.4403269183752
1804,France,2001,91.36827128290254
1805,United Kingdom,2001,214.73839925256928
1806,Austria,2001,456.1151079136691
1807,France,2001,58.0563595834581
1808,Denmark,2001,157.3907597082013
1809,Austria,2001,124.53118488678983
1810,France,2001,346.485168630638
1811,Denmark,2001,192.78683914510685
1812,Spain,2001,138.8557982204574
1813,Germany,2001,766.6666666666667
1814,United Kingdom,2001,181.9243408588298
1815,Norway,2001,100.0
1816,Norway,2001,116.76574833169443
1817,United States,2001,61.29032258064516
1818,"Tanzania, United Republic Of",2001,81.03448275862068
1819,Canada,2001,68.73592386994449
1820,United States,2001,14.371501028757358
1821,Canada,2001,1221.0
1822,United States,2001,1185.5083459787556
1823,Canada,2001,361.9047619047619
1824,Morocco,2001,inf
1825,Australia,2001,10.041551246537397
1826,Australia,2001,59.48717948717949
1827,Australia,2001,63.446893787575156
1828,Norway,2001,254.54545454545453
1829,Belarus,2001,700.0
1830,United Kingdom,2001,466.70563023572964
1831,Slovakia,2001,128.7129087129087
1832,Switzerland,2001,127.68299104791996
1833,Japan,2001,482.94117647058823
1834,United Kingdom,2001,259.17159763313606
1835,Sweden,2001,323.3333333333333
1836,Sweden,2001,0.0
1837,Sweden,2001,inf
1838,United States,2001,154.13953479667325
1839,United Kingdom,2001,304.0812203252854
1840,United Kingdom,2001,146.40522875816993
1841,United States,2001,481.82026447416985
1842,United States,2001,167.49887875616685
1843,Canada,2001,492.17564138208445
1844,United Kingdom,2001,1404.3478260869565
1845,United Kingdom,2001,232.69660133961798
1846,Finland,2001,80.38526142290053
1847,Canada,2001,7.583630202450256
1848,South Africa,2002,134.6153846153846
1849,France,2002,134.5572272667208
1850,Austria,2002,235.61030235162374
1851,Austria,2002,213.85435168738897
1852,France,2002,242.4172500632599
1853,Austria,2002,87.97081085981054
1854,Austria,2002,800.7662835249041
1855,France,2002,270.085198660775
1856,France,2002,114.62829421913747
1857,Austria,2002,59.019159750311886
1858,Denmark,2002,163.91574144620654
1859,Austria,2002,716.013986013986
1860,France,2002,2910.441334768568
1861,Denmark,2002,205.38527032779905
1862,Austria,2002,104.58068022463918
1863,France,2002,75.29273364971027
1864,Denmark,2002,142.80834501435746
1865,Austria,2002,162.27971332277582
1866,France,2002,121.84855965820067
1867,Denmark,2002,198.3528582753457
1868,Austria,2002,107.82389408427025
1869,France,2002,142.34221647864203
1870,France,2002,51.69551814085843
1871,United Kingdom,2002,219.76798505138584
1872,Austria,2002,698.5611510791367
1873,France,2002,72.93642080047908
1874,Denmark,2002,160.14663620956452
1875,Austria,2002,116.01611334907626
1876,France,2002,323.8927265339293
1877,Denmark,2002,210.72834645669292
1878,Spain,2002,165.9680858886683
1879,Germany,2002,200.0
1880,United Kingdom,2002,156.59967895501924
1881,Norway,2002,219.20000000000002
1882,Norway,2002,119.45909561796988
1883,United States,2002,54.83870967741935
1884,"Tanzania, United Republic Of",2002,82.75862068965517
1885,Canada,2002,43.02299762093577
1886,United States,2002,68.23053734628452
1887,Canada,2002,1786.75
1888,United States,2002,976.8588770864947
1889,Canada,2002,221.61172161172163
1890,Morocco,2002,inf
1891,Australia,2002,12.60387811634349
1892,Australia,2002,36.92307692307693
1893,Australia,2002,68.61723446893787
1894,Norway,2002,281.8181818181818
1895,Belarus,2002,700.0
1896,United Kingdom,2002,460.8610948762907
1897,Slovakia,2002,134.95369495369496
1898,Switzerland,2002,128.79936808846762
1899,Japan,2002,573.8235294117648
1900,United Kingdom,2002,214.20118343195264
1901,Sweden,2002,1073.3333333333333
1902,Sweden,2002,50.0
1903,Sweden,2002,inf
1904,United States,2002,179.53488360355436
1905,United Kingdom,2002,259.18330695580926
1906,United Kingdom,2002,109.95475113122173
1907,United States,2002,417.64900535821107
1908,United States,2002,208.33170417562707
1909,Canada,2002,380.5943838768641
1910,United Kingdom,2002,937.9710144927536
1911,United Kingdom,2002,209.61713387910362
1912,Finland,2002,98.92989928093762
1913,Canada,2002,19.3135806759927
