Country,System,1990,1991,1992,1993,1994,1995,1996,1997,1998,1999,2000,2001,2002,2003,2004,2005,2006,2007,2008,2009,2010,2011,2012,2013
Albania,Freshwater,,,,,,4.0,,,,,1852.0,,,,,,,,,,,,,
Albania,Terrestrial,1507.0,,,,,4.0,,,,,1852.0,,,,,,,,,,,,,
Algeria,Freshwater,13.0,,210.0,86.0,17.0,1053.0,2.0,3.0,186.0,348.0,,2000.0,,,,,,,,,,,,
Algeria,Terrestrial,,,210.0,86.0,17.0,1053.0,2.0,3.0,186.0,348.0,,2000.0,,,,,,,,,,,,
Andorra,Terrestrial,,,,114.54,215.8,252.19,288.59,290.64,500.65,,544.67,,,,,,,,,,,,,
Angola,Terrestrial,,50.0,50.0,10.0,,,,,,,,,,,,,,,,,,,,
Antarctica,Marine,27250.0,2878.0,2440.0,2886.0,3575.0,667461.0,3580.0,4097.0,5008.0,5300.0,4689.0,743840.0,6266.0,5929.0,7114.0,26451.0,31432.0,20174.0,25913.0,,11348.0,26939.0,,
Antigua And Barbuda,Terrestrial,,,,,,,,,,10.151,14.501,19.722,33.933,54.233999999999995,76.566,131.091,,,,,,,,
Argentina,Freshwater,,,26142.989999999998,14512.38,4811.91,5737.0,7193.0,20452.0,9141.0,11331.0,10587.0,7290.0,13519.0,5950.0,7237.0,25575.0,20718.0,40666.0,37341.0,22360.0,16260.0,9850.0,,
Argentina,Marine,19700.0,,26142.989999999998,14512.38,4811.91,5737.0,7193.0,20452.0,9141.0,11331.0,10587.0,7290.0,13519.0,5950.0,7237.0,25575.0,20718.0,40666.0,37341.0,22360.0,16260.0,9850.0,,
Argentina,Terrestrial,,,26142.989999999998,14512.38,4811.91,5737.0,7193.0,20452.0,9141.0,11331.0,10587.0,7290.0,13519.0,5950.0,7237.0,25575.0,20718.0,40666.0,37341.0,22360.0,16260.0,9850.0,,
Australia,Freshwater,2283.0,32948.5,47311.0,32676.0,45250.31,43214.0,38179.0,33439.0,32365.0,65859.6,162845.84000000003,17580198.045,13818517.679600002,8948603.7055,8476890.712199997,8216125.014399999,445776.9080000001,292916.45959999994,279357.4132,27474.0,38612.0,26761.0,456.0,
Australia,Marine,28528.0,32948.5,47311.0,32676.0,45250.31,43214.0,38179.0,33439.0,32365.0,65859.6,162845.84000000003,17580198.045,13818517.679600002,8948603.7055,8476890.712199997,8216125.014399999,445776.9080000001,292916.45959999994,279357.4132,27474.0,38612.0,26761.0,456.0,
Australia,Terrestrial,1059.0,32948.5,47311.0,32676.0,45250.31,43214.0,38179.0,33439.0,32365.0,65859.6,162845.84000000003,17580198.045,13818517.679600002,8948603.7055,8476890.712199997,8216125.014399999,445776.9080000001,292916.45959999994,279357.4132,27474.0,38612.0,26761.0,456.0,
Austria,Freshwater,1175767.0,1042837.0,1117561.0,1079788.0,1133529.0,1125213.0,1238272.0,1115580.0,1083129.0,1258084.0,1096455.0,1119736.0,1142977.0,10143.0,2143.0,1786.0,,,,,,,,
Austria,Terrestrial,,1042837.0,1117561.0,1079788.0,1133529.0,1125213.0,1238272.0,1115580.0,1083129.0,1258084.0,1096455.0,1119736.0,1142977.0,10143.0,2143.0,1786.0,,,,,,,,
Azerbaijan,Freshwater,,3520.0,,,25000.0,1.0,136.0,210.0,1100.0,,334.0,,,,,,,,,,,,,
Azerbaijan,Terrestrial,,3520.0,,,25000.0,1.0,136.0,210.0,1100.0,,334.0,,,,,,,,,,,,,
Bahamas,Marine,,,,45.9,45.9,45.8,47.9,47.4,45.7,40.4,39.3,38.2,1623.6,7964.6,7087.0,823.4,34.3,31.0,26.7,24.6,,,,
Bahamas,Terrestrial,,,,45.9,45.9,45.8,47.9,47.4,45.7,40.4,39.3,38.2,1623.6,7964.6,7087.0,823.4,34.3,31.0,26.7,24.6,,,,
Bangladesh,Freshwater,,,,,,,,,,,,,,,,,99.0,,1365.0,4810.0,2060.0,10859.0,636.0,
Bangladesh,Terrestrial,,,,,,,,,,,,,,,,,99.0,,1365.0,4810.0,2060.0,10859.0,636.0,
Belarus,Freshwater,,31.0,34.0,34.0,34.0,19333.0,35.0,37.0,24036.0,37.0,301.0,35.0,35.0,35.0,37.0,37.0,37.0,39.0,38.0,,,,,
Belarus,Terrestrial,340.0,31.0,34.0,34.0,34.0,19333.0,35.0,37.0,24036.0,37.0,301.0,35.0,35.0,35.0,37.0,37.0,37.0,39.0,38.0,,,,,
Belgium,Freshwater,5270.0,46.0,41.0,34.0,95.0,2775.0,84.0,25.0,38.0,35.0,8719.0,129.0,77.0,53.0,,,,,,900.0,,,,
Belgium,Marine,32.0,46.0,41.0,34.0,95.0,2775.0,84.0,25.0,38.0,35.0,8719.0,129.0,77.0,53.0,,,,,,900.0,,,,
Belgium,Terrestrial,6548.0,46.0,41.0,34.0,95.0,2775.0,84.0,25.0,38.0,35.0,8719.0,129.0,77.0,53.0,,,,,,900.0,,,,
Belize,Marine,,,,,,,,640.4,283.45,576.5,714.9,790.4,663.9,265.0,44.0,378.95,544.3,631.0,,,,,,
Belize,Terrestrial,,,,,,,,640.4,283.45,576.5,714.9,790.4,663.9,265.0,44.0,378.95,544.3,631.0,,,,,,
Benin,Freshwater,,,,,,,1746.0,5847.0,,,,,,,,,,,,,,,,
Benin,Terrestrial,,,,,,,1746.0,5847.0,,,,,,,,,,,,,,,,
Bermuda,Marine,,,,,,,,,,,,,,,,,,,,,,,,
"Bolivia, Plurinational State Of",Freshwater,,,,,,,,81546.0,64067.0,,,,,,,,,,,,,,,
Botswana,Freshwater,,66.0,32.0,22.0,78304.0,20.0,101267.0,1053.0,,120603.0,704.0,116987.0,123152.0,109950.0,151472.0,757.0,448.0,,,,,,,
Botswana,Terrestrial,655.0,66.0,32.0,22.0,78304.0,20.0,101267.0,1053.0,,120603.0,704.0,116987.0,123152.0,109950.0,151472.0,757.0,448.0,,,,,,,
Brazil,Freshwater,,48.5,79.52,791.94,2569.58,10972.0,7705.0,7727.0,7001.0,7551.5,44608.859300000004,2085.4714,1921.2,1198.0,247.9807,787.0669,796.5,735.0,,,,,,
Brazil,Marine,,48.5,79.52,791.94,2569.58,10972.0,7705.0,7727.0,7001.0,7551.5,44608.859300000004,2085.4714,1921.2,1198.0,247.9807,787.0669,796.5,735.0,,,,,,
Brazil,Terrestrial,57.0,48.5,79.52,791.94,2569.58,10972.0,7705.0,7727.0,7001.0,7551.5,44608.859300000004,2085.4714,1921.2,1198.0,247.9807,787.0669,796.5,735.0,,,,,,
Bulgaria,Freshwater,,172108.0,206097.0,211192.0,174934.0,124100.0,117176.0,111600.0,109275.0,112134.0,138441.0,112570.0,99154.0,,37306.0,14266.0,28247.0,,,,,,,
Bulgaria,Terrestrial,189143.0,172108.0,206097.0,211192.0,174934.0,124100.0,117176.0,111600.0,109275.0,112134.0,138441.0,112570.0,99154.0,,37306.0,14266.0,28247.0,,,,,,,
Cameroon,Freshwater,,7015.0,35.0,5977.0,4500.0,8257.0,35408.0,55352.0,,8010.0,,5320.0,,,,,,,,,,,,
Cameroon,Terrestrial,,7015.0,35.0,5977.0,4500.0,8257.0,35408.0,55352.0,,8010.0,,5320.0,,,,,,,,,,,,
Canada,Freshwater,1927375.38333,1763748.0566600002,886600.12,902290.5466700001,728593.73,761700.547,816750.4560000001,788630.1730000002,947450.88,1101868.4809,941002.986,939563.3419,767274.7890000001,825418.7477,1054689.7118000002,1008738.273,1128279.6611000001,1082117.497,1001923.18,1046275.8672,829524.7200000001,924057.25,1001915.3,935182.3
Canada,Marine,1741.0,1763748.0566600002,886600.12,902290.5466700001,728593.73,761700.547,816750.4560000001,788630.1730000002,947450.88,1101868.4809,941002.986,939563.3419,767274.7890000001,825418.7477,1054689.7118000002,1008738.273,1128279.6611000001,1082117.497,1001923.18,1046275.8672,829524.7200000001,924057.25,1001915.3,935182.3
Canada,Terrestrial,373222.43000000005,1763748.0566600002,886600.12,902290.5466700001,728593.73,761700.547,816750.4560000001,788630.1730000002,947450.88,1101868.4809,941002.986,939563.3419,767274.7890000001,825418.7477,1054689.7118000002,1008738.273,1128279.6611000001,1082117.497,1001923.18,1046275.8672,829524.7200000001,924057.25,1001915.3,935182.3
Cayman Islands,Freshwater,,400.0,,,400.0,,25.0,422.0,,,,,,,,,,,,,,,,
Cayman Islands,Terrestrial,,400.0,,,400.0,,25.0,422.0,,,,,,,,,,,,,,,,
Central African Republic,Terrestrial,,5.0,,,,1702.0,1717.0,1717.0,3325.0,1777.0,1739.0,1695.0,1714.0,1832.0,1731.0,1619.0,1732.0,1912.0,1956.0,1840.0,1908.0,,,
Chad,Terrestrial,600.0,,,,,,,,,,,,,,,,13.0,44.0,13.0,,,,,
Chile,Freshwater,,31310.0,21378.0,8353.0,12705.0,14228.0,13620.0,67099.0,44845.0,24578.1,66131.0,32454.8,56827.0,73327.0,62798.0,47417.0,16685.0,2468.0,7341.0,,5443.0,,,
Chile,Marine,,31310.0,21378.0,8353.0,12705.0,14228.0,13620.0,67099.0,44845.0,24578.1,66131.0,32454.8,56827.0,73327.0,62798.0,47417.0,16685.0,2468.0,7341.0,,5443.0,,,
Chile,Terrestrial,23709.0,31310.0,21378.0,8353.0,12705.0,14228.0,13620.0,67099.0,44845.0,24578.1,66131.0,32454.8,56827.0,73327.0,62798.0,47417.0,16685.0,2468.0,7341.0,,5443.0,,,
China,Freshwater,2765.0,5911.0,4641.0,4979.0,9751.0,4226.0,4185.0,5660.0,2521.0,138855.0,88623.0,5300.0,4028.0,4991.0,156080.0,124690.0,117919.0,7413.0,53270.0,823.0,38169.0,,,
China,Marine,,5911.0,4641.0,4979.0,9751.0,4226.0,4185.0,5660.0,2521.0,138855.0,88623.0,5300.0,4028.0,4991.0,156080.0,124690.0,117919.0,7413.0,53270.0,823.0,38169.0,,,
China,Terrestrial,265.0,5911.0,4641.0,4979.0,9751.0,4226.0,4185.0,5660.0,2521.0,138855.0,88623.0,5300.0,4028.0,4991.0,156080.0,124690.0,117919.0,7413.0,53270.0,823.0,38169.0,,,
Colombia,Freshwater,,,,,,,,,,82.0,100.0,147.0,276.0,,,,176.0,161.0,,,,143.0,119.0,
Colombia,Terrestrial,,,,,,,,,,82.0,100.0,147.0,276.0,,,,176.0,161.0,,,,143.0,119.0,
Comoros,Marine,,440.0,,,527.0,300.0,,,700.0,1066.0,,,,1200.0,,,,,,,,,,
Comoros,Terrestrial,,440.0,,,527.0,300.0,,,700.0,1066.0,,,,1200.0,,,,,,,,,,
"Congo, The Democratic Republic Of The",Terrestrial,298.0,30.0,27.0,22.0,21684.0,26203.0,19.0,,,,,30.0,,1547.0,15.0,4.0,,,,,,,,
Cook Islands,Terrestrial,38.99,47.66,57.05,64.28,88.09,111.18,141.47,158.79,176.83,195.6,222.29,255.47,282.88,293.71,282.2,276.45,254.12,,,,,,,
Costa Rica,Freshwater,,,1080.0,,,125.0,41.0,3818.0,100.0,1227.0,77.0,43.0,69.0,,,,,,,,,,,
Costa Rica,Terrestrial,1005.0,,1080.0,,,125.0,41.0,3818.0,100.0,1227.0,77.0,43.0,69.0,,,,,,,,,,,
Croatia,Freshwater,500.0,,,,,,,,,,6450.0,200.0,700.0,,400.0,120.0,,,,,,,,
Croatia,Terrestrial,11000.0,,,,,,,,,,6450.0,200.0,700.0,,400.0,120.0,,,,,,,,
Curaçao,Terrestrial,,,803.0,1002.0,828.0,,474.0,,1107.0,,653.0,665.0,,632.0,,,,,,,,,,
Cyprus,Freshwater,2946.0,2020.0,3500.0,6254.0,3331.0,8500.0,4875.0,4000.0,4300.0,2400.0,7800.0,4105.0,7760.0,3050.0,10530.0,10150.0,,,,,,,,
Czech Republic,Terrestrial,,,,,,,,,,,20.0,120.0,,,,,,,,,,,,
Côte D'Ivoire,Terrestrial,56.0,200.0,51.0,45.0,86.0,42529.0,33.0,,22006.0,396.0,438.0,551.0,,,,,,,,,,,,
Denmark,Freshwater,619838.97,994277.0,984373.0,1038125.0,1016358.0,1131932.43,882799.0,675043.6929,826021.556,923614.39,1096774.4896,1082819.7925,972464.0913,162287.1452,213565.1452,264086.2075,207997.90039999998,219468.0,195616.0,121207.0,4806.0,,,
Denmark,Marine,128064.0,994277.0,984373.0,1038125.0,1016358.0,1131932.43,882799.0,675043.6929,826021.556,923614.39,1096774.4896,1082819.7925,972464.0913,162287.1452,213565.1452,264086.2075,207997.90039999998,219468.0,195616.0,121207.0,4806.0,,,
Denmark,Terrestrial,53298.0,994277.0,984373.0,1038125.0,1016358.0,1131932.43,882799.0,675043.6929,826021.556,923614.39,1096774.4896,1082819.7925,972464.0913,162287.1452,213565.1452,264086.2075,207997.90039999998,219468.0,195616.0,121207.0,4806.0,,,
Djibouti,Terrestrial,,,,,,,,,750.0,,,,,,,,,,,,,,,
Dominica,Terrestrial,350.0,,500.0,,,,,,,,,,,,,,,,,,,,,
Dominican Republic,Freshwater,,,10752.0,,,,,200.0,,,,,,,,,,,,,,,,
Dominican Republic,Marine,,,10752.0,,,,,200.0,,,,,,,,,,,,,,,,
Ecuador,Freshwater,,,,1161.0,35331.0,1480.0,1636.0,2252.0,779.0,1366.0,1602.0,36377.0,1783.0,1769.0,,,,51.0,,,,,,
Ecuador,Marine,,,,1161.0,35331.0,1480.0,1636.0,2252.0,779.0,1366.0,1602.0,36377.0,1783.0,1769.0,,,,51.0,,,,,,
Egypt,Freshwater,81189.0,,,,,87.10000000000001,,96.5,,,109.39999999999999,,,,,,,,,,,,,
Egypt,Marine,,,,,,87.10000000000001,,96.5,,,109.39999999999999,,,,,,,,,,,,,
Estonia,Freshwater,12604.0,3168.0,25377.0,13809.0,23943.0,8333.0,10749.0,9646.0,21679.0,18706.0,25457.0,6079.0,14390.0,7452.0,15505.0,19956.0,3806.0,5561.0,4417.0,3602.0,3493.0,3521.0,,
Estonia,Marine,2304.0,3168.0,25377.0,13809.0,23943.0,8333.0,10749.0,9646.0,21679.0,18706.0,25457.0,6079.0,14390.0,7452.0,15505.0,19956.0,3806.0,5561.0,4417.0,3602.0,3493.0,3521.0,,
Estonia,Terrestrial,12200.0,3168.0,25377.0,13809.0,23943.0,8333.0,10749.0,9646.0,21679.0,18706.0,25457.0,6079.0,14390.0,7452.0,15505.0,19956.0,3806.0,5561.0,4417.0,3602.0,3493.0,3521.0,,
Ethiopia,Freshwater,,150.0,238.0,13055.0,4028742.0,15831.0,8174.0,23544.0,4379.0,,225.0,,514.0,1118.0,823.0,1147.0,1101.0,1413.0,683.0,1653.0,760.0,,,
Ethiopia,Terrestrial,2355.0,150.0,238.0,13055.0,4028742.0,15831.0,8174.0,23544.0,4379.0,,225.0,,514.0,1118.0,823.0,1147.0,1101.0,1413.0,683.0,1653.0,760.0,,,
Falkland Islands (Malvinas),Marine,,,,,,,,,,,,,,,,,,,,,,,,
Finland,Freshwater,170.0,717109.5,601415.0,571518.0,548074.0,285034.0,571882.0,289569.0,227254.0,329618.0,353061.0,258126.0,314512.0,221542.0,186395.0,168254.0,206803.0,148980.0,152381.0,,,,,
Finland,Marine,226077.0,717109.5,601415.0,571518.0,548074.0,285034.0,571882.0,289569.0,227254.0,329618.0,353061.0,258126.0,314512.0,221542.0,186395.0,168254.0,206803.0,148980.0,152381.0,,,,,
Finland,Terrestrial,64.73,717109.5,601415.0,571518.0,548074.0,285034.0,571882.0,289569.0,227254.0,329618.0,353061.0,258126.0,314512.0,221542.0,186395.0,168254.0,206803.0,148980.0,152381.0,,,,,
France,Freshwater,3614607.85,3691067.0,3996410.5,3866528.5,3997120.0,4245968.88,3887317.5,3225679.0,3550878.0,3938026.0,3742341.0,4248651.0,4119659.0,40026.0,40179.0,38757.0,49006.0,40922.0,41832.0,37744.0,44206.0,,,
France,Marine,39930.0,3691067.0,3996410.5,3866528.5,3997120.0,4245968.88,3887317.5,3225679.0,3550878.0,3938026.0,3742341.0,4248651.0,4119659.0,40026.0,40179.0,38757.0,49006.0,40922.0,41832.0,37744.0,44206.0,,,
France,Terrestrial,118.0,3691067.0,3996410.5,3866528.5,3997120.0,4245968.88,3887317.5,3225679.0,3550878.0,3938026.0,3742341.0,4248651.0,4119659.0,40026.0,40179.0,38757.0,49006.0,40922.0,41832.0,37744.0,44206.0,,,
French Guiana,Freshwater,,,1773.0,,,,,,,,,1350.0,,,,,,,120799.0,,75970.0,,,
French Guiana,Marine,,,1773.0,,,,,,,,,1350.0,,,,,,,120799.0,,75970.0,,,
French Polynesia,Marine,,,,,,,,,,,,,,,,,,,,,,,,
French Polynesia,Terrestrial,,,,,,,,,,,,,,,,,,,,,,,,
French Southern Territories,Terrestrial,418.0,523.0,706.0,429.0,687.0,322.0,,,,,,,,,,,,,,,,,,
Gabon,Terrestrial,,,,,,,,30000.0,,,,,,45500.0,,,,,,,,,,
Germany,Freshwater,32323.0,673672.0,626678.0,561696.5,522424.0,130911.5,121361.0,260358.0,245024.0,331632.0,303379.0,338230.0,313238.0,248159.0,90755.0,88888.0,115555.0,101161.0,24455.0,,,,,
Germany,Marine,40726.0,673672.0,626678.0,561696.5,522424.0,130911.5,121361.0,260358.0,245024.0,331632.0,303379.0,338230.0,313238.0,248159.0,90755.0,88888.0,115555.0,101161.0,24455.0,,,,,
Germany,Terrestrial,485274.0,673672.0,626678.0,561696.5,522424.0,130911.5,121361.0,260358.0,245024.0,331632.0,303379.0,338230.0,313238.0,248159.0,90755.0,88888.0,115555.0,101161.0,24455.0,,,,,
Ghana,Freshwater,,128.0,224.130952,,,,,46785.0,35301.0,265.0,338.0,21.0,,241.0,191.0,68.0,,260.0,,195.0,,,,
Ghana,Marine,,128.0,224.130952,,,,,46785.0,35301.0,265.0,338.0,21.0,,241.0,191.0,68.0,,260.0,,195.0,,,,
Ghana,Terrestrial,228.0,128.0,224.130952,,,,,46785.0,35301.0,265.0,338.0,21.0,,241.0,191.0,68.0,,260.0,,195.0,,,,
Greece,Freshwater,11368.0,15321.0,3948.0,5365.0,10446.0,18801.0,15892.0,9781.0,14157.0,16282.0,9417.0,11296.0,21118.0,11805.0,15657.0,16326.0,14185.0,9140.0,20427.0,24902.0,14387.0,16779.0,10452.0,
Greece,Marine,3503.0,15321.0,3948.0,5365.0,10446.0,18801.0,15892.0,9781.0,14157.0,16282.0,9417.0,11296.0,21118.0,11805.0,15657.0,16326.0,14185.0,9140.0,20427.0,24902.0,14387.0,16779.0,10452.0,
Greece,Terrestrial,1167.0,15321.0,3948.0,5365.0,10446.0,18801.0,15892.0,9781.0,14157.0,16282.0,9417.0,11296.0,21118.0,11805.0,15657.0,16326.0,14185.0,9140.0,20427.0,24902.0,14387.0,16779.0,10452.0,
Greenland,Freshwater,,,,,225000.0,,32000.0,,,,,,,,,,,,,,,,,
Greenland,Marine,,,,,225000.0,,32000.0,,,,,,,,,,,,,,,,,
Greenland,Terrestrial,,,,,225000.0,,32000.0,,,,,,,,,,,,,,,,,
Guam,Terrestrial,,,,,,,,,,,,,,,,,,,,,,,,
Guatemala,Freshwater,,,,,,,,,,,,,,,,,,,,,,,,
Guinea,Terrestrial,,3000.0,,,,,,,,,,,,17600.0,,,,,,,,,,
Guinea-Bissau,Marine,,,,645800.0,675750.0,,,,,,,828800.0,,,,,,,,,,,,
Guyana,Marine,,,,,,,,,,,,,,,,,,,,,21320.0,,,
Heard Island And McDonald Islands,Marine,15000.0,,21280.0,,,,,,,,,,,,,,,,,,,,,
Hong Kong,Freshwater,56.0,,,,82.0,86.0,109.0,114.0,155.0,108.0,96.0,171.0,176.0,249.0,293.0,350.0,397.0,,,,,,,
Hungary,Terrestrial,33.0,910.0,943.0,945.0,1068.0,1143.0,1275.0,1164.0,1102.0,1086.0,1215.0,1222.0,1270.0,1284.0,74.0,,,,,,,,,
Iceland,Freshwater,120000.0,,,,3164.0,80163.0,,,,4738.0,,200.0,,,,2370.0,,,,,,,,
Iceland,Marine,,,,,3164.0,80163.0,,,,4738.0,,200.0,,,,2370.0,,,,,,,,
India,Freshwater,4245.0,8356.0,13692.0,12667.0,,327.0,27.0,3532.0,1041.0,2950.0,38.0,16631.0,21070.0,70803.0,54276.0,13762.0,4730.0,,,2745.0,1924.0,,2290.0,2329.0
India,Marine,,8356.0,13692.0,12667.0,,327.0,27.0,3532.0,1041.0,2950.0,38.0,16631.0,21070.0,70803.0,54276.0,13762.0,4730.0,,,2745.0,1924.0,,2290.0,2329.0
India,Terrestrial,593.0,8356.0,13692.0,12667.0,,327.0,27.0,3532.0,1041.0,2950.0,38.0,16631.0,21070.0,70803.0,54276.0,13762.0,4730.0,,,2745.0,1924.0,,2290.0,2329.0
Indonesia,Marine,,,1015.0,50.0,,,,,28.3012,65.8643,16.5336,9.7103,1133.0562,,,55.0,,250.0,1050.0,,1845.0,,51.0,58.0
Indonesia,Terrestrial,,,1015.0,50.0,,,,,28.3012,65.8643,16.5336,9.7103,1133.0562,,,55.0,,250.0,1050.0,,1845.0,,51.0,58.0
International Waters,Marine,1465000.0,340000.0,344005.0,980000.0,347000.0,354000.0,354000.0,354000.0,1587000.0,1315000.0,1429000.0,,,,,,,,,,,,,
"Iran, Islamic Republic Of",Freshwater,51807.0,87.0,106.0,358.0,802.0,122603.0,240.0,363.0,9.0,27.0,50.0,6.0,593.0,63.0,23.0,10.0,2.0,,,,,,,
"Iran, Islamic Republic Of",Terrestrial,,87.0,106.0,358.0,802.0,122603.0,240.0,363.0,9.0,27.0,50.0,6.0,593.0,63.0,23.0,10.0,2.0,,,,,,,
Ireland,Freshwater,,,,,6752.0,408.815,,,,7006.0,337.0881,,53.0,8719.0,57.0,336.837,92.0,12203.0,119.0,88.0,95.0,,,
Ireland,Marine,,,,,6752.0,408.815,,,,7006.0,337.0881,,53.0,8719.0,57.0,336.837,92.0,12203.0,119.0,88.0,95.0,,,
Ireland,Terrestrial,,,,,6752.0,408.815,,,,7006.0,337.0881,,53.0,8719.0,57.0,336.837,92.0,12203.0,119.0,88.0,95.0,,,
Israel,Freshwater,410.0,191.0,256.0,140.0,19.0,75.0,1.0,1627.0,72.0,62.0,102.0,274.0,,,,,,,,887.0,2726.0,1697.0,1436.0,1237.0
Israel,Terrestrial,,191.0,256.0,140.0,19.0,75.0,1.0,1627.0,72.0,62.0,102.0,274.0,,,,,,,,887.0,2726.0,1697.0,1436.0,1237.0
Italy,Freshwater,12.0,5189.0,5155.0,5547.0,4751.0,5091.0,4691.0,4520.0,4720.0,4407.0,193786.0,211.0,170.0,254.0,166.0,138.0,151.0,191.0,197.0,37.0,,,,
Italy,Marine,,5189.0,5155.0,5547.0,4751.0,5091.0,4691.0,4520.0,4720.0,4407.0,193786.0,211.0,170.0,254.0,166.0,138.0,151.0,191.0,197.0,37.0,,,,
Italy,Terrestrial,90475.0,5189.0,5155.0,5547.0,4751.0,5091.0,4691.0,4520.0,4720.0,4407.0,193786.0,211.0,170.0,254.0,166.0,138.0,151.0,191.0,197.0,37.0,,,,
Japan,Freshwater,15046.7132,24584.2174,26574.5004,35024.139899999995,31277.4387,36613.7968,35612.4058,40625.207,37708.7863,43649.490900000004,16421.0,11581.0,13764.0,11661.0,10219.0,14179.0,9323.0,,,,,,,
Japan,Marine,,24584.2174,26574.5004,35024.139899999995,31277.4387,36613.7968,35612.4058,40625.207,37708.7863,43649.490900000004,16421.0,11581.0,13764.0,11661.0,10219.0,14179.0,9323.0,,,,,,,
Japan,Terrestrial,4603.0,24584.2174,26574.5004,35024.139899999995,31277.4387,36613.7968,35612.4058,40625.207,37708.7863,43649.490900000004,16421.0,11581.0,13764.0,11661.0,10219.0,14179.0,9323.0,,,,,,,
Jordan,Marine,,,,,,,,,,,,,2.0,,8.0,60.0,11.0,6.0,3.0,1.0,12.0,13.0,34.0,
Kazakhstan,Terrestrial,861000.0,993000.0,1079000.0,1124000.0,952000.0,432000.0,658000.0,259000.0,512000.0,403000.0,174500.0,,,,,,,,,,,,,
Kenya,Freshwater,,46294.0,1800.0,6699.0,3135.0,700.0,367276.0,344440.0,878065.0,70118.0,2286.0,491.0,117810.0,499.0,549.0,10996.0,2242.0,544.0,548.0,533.0,574.0,417.0,,995.0
Kenya,Terrestrial,117728.0,46294.0,1800.0,6699.0,3135.0,700.0,367276.0,344440.0,878065.0,70118.0,2286.0,491.0,117810.0,499.0,549.0,10996.0,2242.0,544.0,548.0,533.0,574.0,417.0,,995.0
"Korea, Republic Of",Freshwater,6.0,,,,,,15.0,16.0,78399.0,144.0,35607.0,49556.0,73663.0,93275.0,86240.0,115343.0,337473.0,243136.0,271284.0,140753.0,108117.0,108407.0,98896.0,30875.0
"Korea, Republic Of",Marine,,,,,,,15.0,16.0,78399.0,144.0,35607.0,49556.0,73663.0,93275.0,86240.0,115343.0,337473.0,243136.0,271284.0,140753.0,108117.0,108407.0,98896.0,30875.0
"Korea, Republic Of",Terrestrial,,,,,,,15.0,16.0,78399.0,144.0,35607.0,49556.0,73663.0,93275.0,86240.0,115343.0,337473.0,243136.0,271284.0,140753.0,108117.0,108407.0,98896.0,30875.0
Latvia,Freshwater,50000.0,,,7223.0,,,,5445.0,,,9076.0,648.0,,,,,,,,,,,,
Latvia,Marine,,,,7223.0,,,,5445.0,,,9076.0,648.0,,,,,,,,,,,,
Latvia,Terrestrial,13260.0,,,7223.0,,,,5445.0,,,9076.0,648.0,,,,,,,,,,,,
Lesotho,Terrestrial,880.0,,,,,,,,,,815.0,,,,,,,,,,,,,
Liberia,Terrestrial,,3500.0,,,,,,,,,,,,3000.0,,,,,,,,,,
Lithuania,Freshwater,,596.0,559.0,670.0,1467.0,1238.0,1983.0,27050.0,1651.0,1482.0,6319.0,853.0,400.0,212.0,,,,,,,,,,
Lithuania,Marine,670.0,596.0,559.0,670.0,1467.0,1238.0,1983.0,27050.0,1651.0,1482.0,6319.0,853.0,400.0,212.0,,,,,,,,,,
Lithuania,Terrestrial,6900.0,596.0,559.0,670.0,1467.0,1238.0,1983.0,27050.0,1651.0,1482.0,6319.0,853.0,400.0,212.0,,,,,,,,,,
Madagascar,Freshwater,,,236.0,243.0,258.0,915.0,427.0,364.0,262.0,266.0,271.0,,,,,,5189.0,605.0,5656.0,,,,,
Madagascar,Terrestrial,,,236.0,243.0,258.0,915.0,427.0,364.0,262.0,266.0,271.0,,,,,,5189.0,605.0,5656.0,,,,,
Malawi,Freshwater,,619.0,949.0,849.0,,2.0,,3.0,,,,,,950.0,,,,,,,,,,
Malawi,Terrestrial,,619.0,949.0,849.0,,2.0,,3.0,,,,,,950.0,,,,,,,,,,
Malaysia,Freshwater,585.0,,,,,405.0,,625.0,500.0,,289.0,764.0,631.0,,,,,,,,,,,
Malaysia,Marine,,,,,,405.0,,625.0,500.0,,289.0,764.0,631.0,,,,,,,,,,,
Malaysia,Terrestrial,,,,,,405.0,,625.0,500.0,,289.0,764.0,631.0,,,,,,,,,,,
Mali,Freshwater,,,,2650.0,,,5347.0,11663.0,,148000.0,135000.0,188000.0,,3400.0,,,,,,,,,,
Mali,Terrestrial,,,,2650.0,,,5347.0,11663.0,,148000.0,135000.0,188000.0,,3400.0,,,,,,,,,,
Mauritania,Freshwater,,,,,,,11943.0,487954.0,200.0,,,,,,,,,,,,,,,
Mauritania,Marine,,,,,,,11943.0,487954.0,200.0,,,,,,,,,,,,,,,
Mauritania,Terrestrial,,,,,,,11943.0,487954.0,200.0,,,,,,,,,,,,,,,
Mauritius,Terrestrial,,,21.0,23.0,23.0,35.0,54.0,95.0,100.0,,,3456.0,2497.0,,,,,,,,,,,
Mexico,Freshwater,,1521873.0,5496.0,25301.0,1666324.0,,,1019969.8300000001,29589.0,44686.0,1231980.23,,468.0,468.0,,,,,,,,,,
Mexico,Marine,,1521873.0,5496.0,25301.0,1666324.0,,,1019969.8300000001,29589.0,44686.0,1231980.23,,468.0,468.0,,,,,,,,,,
Mexico,Terrestrial,,1521873.0,5496.0,25301.0,1666324.0,,,1019969.8300000001,29589.0,44686.0,1231980.23,,468.0,468.0,,,,,,,,,,
Mongolia,Terrestrial,,,,300.0,2011745.0,2895.0,1506.0,49435.0,,,,1026782.5,627765.0,,,,,,,,,,,
Morocco,Freshwater,53988.0,94963.0,46960.0,77238.0,118501.0,133793.0,79638.0,202204.0,148104.0,117966.0,209759.0,97202.0,172586.0,76334.0,101628.0,100999.0,15876.0,,,,,,,
Morocco,Marine,1083.0,94963.0,46960.0,77238.0,118501.0,133793.0,79638.0,202204.0,148104.0,117966.0,209759.0,97202.0,172586.0,76334.0,101628.0,100999.0,15876.0,,,,,,,
Mozambique,Freshwater,,50.0,50.0,45.0,451.0,4277.0,4535.0,7623.0,8890.0,206.0,11831.0,1264.0,13061.0,1777.0,19244.0,360.0,12157.0,,,20364.0,,11971.0,22264.0,
Mozambique,Marine,,50.0,50.0,45.0,451.0,4277.0,4535.0,7623.0,8890.0,206.0,11831.0,1264.0,13061.0,1777.0,19244.0,360.0,12157.0,,,20364.0,,11971.0,22264.0,
Mozambique,Terrestrial,25.0,50.0,50.0,45.0,451.0,4277.0,4535.0,7623.0,8890.0,206.0,11831.0,1264.0,13061.0,1777.0,19244.0,360.0,12157.0,,,20364.0,,11971.0,22264.0,
Namibia,Freshwater,,559.0,45580.0,681.0,,705.0,54477.0,32845.0,49260.0,,1966.0,493.0,3271.0,,6858.0,173.0,68.0,,,,,,,
Namibia,Marine,,559.0,45580.0,681.0,,705.0,54477.0,32845.0,49260.0,,1966.0,493.0,3271.0,,6858.0,173.0,68.0,,,,,,,
Namibia,Terrestrial,20.0,559.0,45580.0,681.0,,705.0,54477.0,32845.0,49260.0,,1966.0,493.0,3271.0,,6858.0,173.0,68.0,,,,,,,
Nepal,Terrestrial,1380.0,,1748.0,1854.0,466.0,,,,,,756.0,,,,159.0,372.0,,30.0,430.0,,,527.0,,
Netherlands,Freshwater,217579.0725,510607.20290000003,533752.971,551604.7826,626859.971,673360.6957,591092.2753999999,501127.087,524799.4203,514767.52170000004,578220.4347999999,670352.5652000001,663193.058,621539.0725,635554.7391,580447.4928,664174.2609,600936.3333,567316.0145,575017.7681,491309.8261,,,
Netherlands,Marine,43113.0,510607.20290000003,533752.971,551604.7826,626859.971,673360.6957,591092.2753999999,501127.087,524799.4203,514767.52170000004,578220.4347999999,670352.5652000001,663193.058,621539.0725,635554.7391,580447.4928,664174.2609,600936.3333,567316.0145,575017.7681,491309.8261,,,
Netherlands,Terrestrial,225973.0,510607.20290000003,533752.971,551604.7826,626859.971,673360.6957,591092.2753999999,501127.087,524799.4203,514767.52170000004,578220.4347999999,670352.5652000001,663193.058,621539.0725,635554.7391,580447.4928,664174.2609,600936.3333,567316.0145,575017.7681,491309.8261,,,
New Caledonia,Marine,,,,609.0,,,,,810.0,,2539.0235000000002,2437.7551,2282.3712,3349.5598,3694.5596,,1474.0,,1945.0,2076.0,,,,
New Caledonia,Terrestrial,,,,609.0,,,,,810.0,,2539.0235000000002,2437.7551,2282.3712,3349.5598,3694.5596,,1474.0,,1945.0,2076.0,,,,
New Zealand,Freshwater,196.0,287.0,156.0,137.0,25530.0,80865.0,2708.0,3357.8563,3522.2147,3197.5234,2572.0,3250.0,3180.0,3096.3198,252.1212,272.05600000000004,,,,,,,,
New Zealand,Marine,,287.0,156.0,137.0,25530.0,80865.0,2708.0,3357.8563,3522.2147,3197.5234,2572.0,3250.0,3180.0,3096.3198,252.1212,272.05600000000004,,,,,,,,
New Zealand,Terrestrial,97118.0,287.0,156.0,137.0,25530.0,80865.0,2708.0,3357.8563,3522.2147,3197.5234,2572.0,3250.0,3180.0,3096.3198,252.1212,272.05600000000004,,,,,,,,
Niger,Terrestrial,1600.0,,,,,,25.0,15.0,88.0,,,,,,,,,,,,,,,
Nigeria,Freshwater,,,35993.0,,,216.0,131161.0,286480.0,273969.0,83.0,79.0,64.0,49.0,156.362,229.779,46.0,49.0,44.0,50.0,,,,,
Nigeria,Terrestrial,200.0,,35993.0,,,216.0,131161.0,286480.0,273969.0,83.0,79.0,64.0,49.0,156.362,229.779,46.0,49.0,44.0,50.0,,,,,
Norfolk Island,Terrestrial,,,,,,44.0,,69.0,,,,,160.0,,,,,,,,,,,
Norway,Freshwater,153.0,18008.615999999998,18750.756999999998,16617.627999999997,14167.922999999999,130977.82500000003,15764.883999999998,13029.955000000002,13671.421999999999,91152.168,46738.51899999999,9048.381000000001,5493.268,2574.412,4765.8,84721.6,3810.0,190.0,190.0,201.0,226.0,,,
Norway,Marine,10981.333,18008.615999999998,18750.756999999998,16617.627999999997,14167.922999999999,130977.82500000003,15764.883999999998,13029.955000000002,13671.421999999999,91152.168,46738.51899999999,9048.381000000001,5493.268,2574.412,4765.8,84721.6,3810.0,190.0,190.0,201.0,226.0,,,
Norway,Terrestrial,36550.0,18008.615999999998,18750.756999999998,16617.627999999997,14167.922999999999,130977.82500000003,15764.883999999998,13029.955000000002,13671.421999999999,91152.168,46738.51899999999,9048.381000000001,5493.268,2574.412,4765.8,84721.6,3810.0,190.0,190.0,201.0,226.0,,,
Oman,Terrestrial,100.0,,,181.0,263.0,280.0,400.0,330.0,138.0,96.0,,,,,,,,,,,,,,
Pakistan,Freshwater,463.0,795.0,2416.0,866.0,2100.1,872.1,860.9,1619.9,40.0,1778.0,29.9,901.0,33.0,29.0,37.9,40.0,43.1,,,,,,,
Pakistan,Terrestrial,270.0,795.0,2416.0,866.0,2100.1,872.1,860.9,1619.9,40.0,1778.0,29.9,901.0,33.0,29.0,37.9,40.0,43.1,,,,,,,
Panama,Terrestrial,,,,,,,,,,,,,,,,,,,,,,,,
Peru,Freshwater,,10048.0,29049.0,44.0,42.0,248.0,24048.0,13000.0,7500.0,10064.0,10278.0,1081.0,1062.0,82.0,10288.0,16087.0,81.0,,,,,,,
Peru,Marine,,10048.0,29049.0,44.0,42.0,248.0,24048.0,13000.0,7500.0,10064.0,10278.0,1081.0,1062.0,82.0,10288.0,16087.0,81.0,,,,,,,
Poland,Freshwater,3245.0,322293.0,166037.0,112149.0,220108.0,207026.0,269507.0,12745.0,21280.0,16953.0,11017.0,19515.0,88276.0,32435.0,57798.0,21829.0,13213.0,10020.0,38715.0,7566.0,2497.0,5090.0,,
Poland,Marine,4973.0,322293.0,166037.0,112149.0,220108.0,207026.0,269507.0,12745.0,21280.0,16953.0,11017.0,19515.0,88276.0,32435.0,57798.0,21829.0,13213.0,10020.0,38715.0,7566.0,2497.0,5090.0,,
Poland,Terrestrial,78091.0,322293.0,166037.0,112149.0,220108.0,207026.0,269507.0,12745.0,21280.0,16953.0,11017.0,19515.0,88276.0,32435.0,57798.0,21829.0,13213.0,10020.0,38715.0,7566.0,2497.0,5090.0,,
Portugal,Freshwater,947.0,,,,,1221.0,,,,,834.0,41.0,54.0,75.0,,,,,,,1133.0,,,
Portugal,Marine,,,,,,1221.0,,,,,834.0,41.0,54.0,75.0,,,,,,,1133.0,,,
Portugal,Terrestrial,,,,,,1221.0,,,,,834.0,41.0,54.0,75.0,,,,,,,1133.0,,,
Puerto Rico,Terrestrial,298.5,460.0,807.0,277.5,827.0,1372.0,,,145.79999999999998,174.20000000000002,40.0,,,,33.0,,,,,,,,,
Romania,Freshwater,18.0,43220.0,33569.0,20991.0,26631.0,12557.0,10695.0,12.0,284.0,7350.0,49981.0,9666.0,1214.0,560.0,548.0,793.0,2189.0,573.0,,10371.0,,,,
Romania,Terrestrial,63435.0,43220.0,33569.0,20991.0,26631.0,12557.0,10695.0,12.0,284.0,7350.0,49981.0,9666.0,1214.0,560.0,548.0,793.0,2189.0,573.0,,10371.0,,,,
Russian Federation,Freshwater,10000.0,396021.0,30074.0,16500.0,149559.0,47957.4,46538.3,45553.1,135517.9,155540.2,1699007.8,1414037.4,2178256.0,2792155.0,1141608.0,583852.0,313039.0,20224.0,21314.0,22660.0,23205.0,22775.0,,
Russian Federation,Marine,1200.0,396021.0,30074.0,16500.0,149559.0,47957.4,46538.3,45553.1,135517.9,155540.2,1699007.8,1414037.4,2178256.0,2792155.0,1141608.0,583852.0,313039.0,20224.0,21314.0,22660.0,23205.0,22775.0,,
Russian Federation,Terrestrial,,396021.0,30074.0,16500.0,149559.0,47957.4,46538.3,45553.1,135517.9,155540.2,1699007.8,1414037.4,2178256.0,2792155.0,1141608.0,583852.0,313039.0,20224.0,21314.0,22660.0,23205.0,22775.0,,
Rwanda,Terrestrial,,,159.0,10.0,,4.0,,4.0,,,,,,,,,,,,,,,,
"Saint Helena, Ascension And Tristan Da Cunha",Terrestrial,,755.0,660.0,632.0,,,,,696.0,776.0,430.0,450.0,,,,240.0,,,,,,,,
Saint Kitts And Nevis,Terrestrial,,,,,,,,,,,,,,,,,,,,,,,,
Saint Lucia,Terrestrial,325.0,,,,,,,,,,,,,,,,,,,,,,,
Saudi Arabia,Terrestrial,,,,,,,220.0,524.0,,,346.0,623.0,,36.0,52.0,54.0,38.0,32.0,24.0,,,,,
Senegal,Freshwater,,,,189564.0,47238.0,135122.0,162837.0,404524.5,388559.0,,,788.0,,723.0,,19.0,,7640.0,2631.0,,,,,
Senegal,Marine,,,,189564.0,47238.0,135122.0,162837.0,404524.5,388559.0,,,788.0,,723.0,,19.0,,7640.0,2631.0,,,,,
Senegal,Terrestrial,,,,189564.0,47238.0,135122.0,162837.0,404524.5,388559.0,,,788.0,,723.0,,19.0,,7640.0,2631.0,,,,,
Serbia,Freshwater,,,,6.0,,6.0,,,,,,,,,,,,,,,,,,
Seychelles,Terrestrial,332.0,320.0,27.0,30.0,347.0,50.0,61.0,67535.0,70.0,78.0,83.0,97.0,109.0,123.0,136.0,152.0,,,,,,,,
Sierra Leone,Terrestrial,,,,,,,,,,,,,,2000.0,,,,,,,,,,
Singapore,Marine,,,,,,,,,,,1138.0,1602.0,1589.0,1941.0,1551.0,2603.0,2216.0,1564.0,1071.0,981.0,1008.0,981.0,855.0,
Slovakia,Terrestrial,31233.0,32368.0,32073.0,32371.0,32375.0,33034.0,30487.0,25704.0,31956.0,32714.0,33462.0,34666.0,36038.0,38297.0,38405.0,39757.0,,,,,,,,
Slovenia,Freshwater,,3199.0,2506.0,1500.0,807.0,9091.0,739.0,901.0,2045.0,507.0,189.0,161.0,123.0,9.0,11.0,6.0,3.0,5.0,4.0,,,,,
Slovenia,Terrestrial,7500.0,3199.0,2506.0,1500.0,807.0,9091.0,739.0,901.0,2045.0,507.0,189.0,161.0,123.0,9.0,11.0,6.0,3.0,5.0,4.0,,,,,
Somalia,Terrestrial,,,,,,,,10.0,,,,,,,,,,,,,,,,
South Africa,Freshwater,107.0,269016.0,222094.0,205566.0,243145.0,190506.0,95295.0,124469.0,138124.0,79104.0,71363.0,66336.0,1113580.0,230750.0,70827.0,6609.0,68139.0,4971.6741999999995,3280.6179,2863.6292,,,,
South Africa,Marine,26305.0,269016.0,222094.0,205566.0,243145.0,190506.0,95295.0,124469.0,138124.0,79104.0,71363.0,66336.0,1113580.0,230750.0,70827.0,6609.0,68139.0,4971.6741999999995,3280.6179,2863.6292,,,,
South Africa,Terrestrial,230124.0,269016.0,222094.0,205566.0,243145.0,190506.0,95295.0,124469.0,138124.0,79104.0,71363.0,66336.0,1113580.0,230750.0,70827.0,6609.0,68139.0,4971.6741999999995,3280.6179,2863.6292,,,,
Spain,Freshwater,562037.53,650575.0,601207.3,1869917.7,2522419.4,2367025.83,2138732.5,2568982.6,2310062.0,2672639.0,2794474.0,2718031.0,2679504.0,102029.0,121757.0,113719.0,110207.0,99193.0,103704.0,5436.0,6143.0,6209.0,4454.0,
Spain,Marine,1483.0,650575.0,601207.3,1869917.7,2522419.4,2367025.83,2138732.5,2568982.6,2310062.0,2672639.0,2794474.0,2718031.0,2679504.0,102029.0,121757.0,113719.0,110207.0,99193.0,103704.0,5436.0,6143.0,6209.0,4454.0,
Spain,Terrestrial,4725.0,650575.0,601207.3,1869917.7,2522419.4,2367025.83,2138732.5,2568982.6,2310062.0,2672639.0,2794474.0,2718031.0,2679504.0,102029.0,121757.0,113719.0,110207.0,99193.0,103704.0,5436.0,6143.0,6209.0,4454.0,
Sudan,Terrestrial,,,,,,,,,,,,,,,,,,,,,,,,
Suriname,Marine,,,,,,,,,,,,,,,,,,,224271.0,,88611.0,224854.0,,
Svalbard And Jan Mayen,Terrestrial,,,,13000.0,,,,,,,,,,,,,,,,,,,,
Swaziland,Terrestrial,,66.0,52.0,37.0,,50.0,,60.0,,,,,39.0,,,28.0,,,,,,,,
Sweden,Freshwater,662.0,4417.9628,268184.9441,79637.9018,438522.9733,372996.0314,690741.9122,463468.9268,254065.0552,408606.9962,507539.05429999996,2138.9651,1623.9398,810.0915,3395.9757,2130.0572,3427.0,1033.0,1655.0,10.9346,11.9393,,,
Sweden,Marine,183.0,4417.9628,268184.9441,79637.9018,438522.9733,372996.0314,690741.9122,463468.9268,254065.0552,408606.9962,507539.05429999996,2138.9651,1623.9398,810.0915,3395.9757,2130.0572,3427.0,1033.0,1655.0,10.9346,11.9393,,,
Sweden,Terrestrial,250017.0018,4417.9628,268184.9441,79637.9018,438522.9733,372996.0314,690741.9122,463468.9268,254065.0552,408606.9962,507539.05429999996,2138.9651,1623.9398,810.0915,3395.9757,2130.0572,3427.0,1033.0,1655.0,10.9346,11.9393,,,
Switzerland,Freshwater,,22256.0,20622.0,21747.0,21404.0,21202.0,22222.0,22479.0,23130.0,24327.0,24914.0,25414.0,25260.0,25101.0,26004.0,248.0,255.0,,1754.0,,,244.0,,
Switzerland,Terrestrial,22753.0,22256.0,20622.0,21747.0,21404.0,21202.0,22222.0,22479.0,23130.0,24327.0,24914.0,25414.0,25260.0,25101.0,26004.0,248.0,255.0,,1754.0,,,244.0,,
Syrian Arab Republic,Freshwater,,,,,30.0,35.0,140.0,,,,,,,,,,,,,,,,,
"Taiwan, Province Of China",Freshwater,150.0,,,,206.0,286.0,1101.0,533.0,703.0,512.5,397.5,427.0,1333.0,580.0,632.0,757.0,826.0,,,,,,,
Tajikistan,Terrestrial,,,,,,,,,,,,,,,,,,,,,,,,
"Tanzania, United Republic Of",Freshwater,20589.0,1917604.5,54291.5,55320.5,1275460.0,18981.0,495215.5,31241.0,297354.5,1334251.5,1298448.5,30795.0,390254.0,1229697.5,15500.0,15291.0,231246.0,12896.0,,114772.0,,108696.0,,33174.0
"Tanzania, United Republic Of",Terrestrial,111177.0,1917604.5,54291.5,55320.5,1275460.0,18981.0,495215.5,31241.0,297354.5,1334251.5,1298448.5,30795.0,390254.0,1229697.5,15500.0,15291.0,231246.0,12896.0,,114772.0,,108696.0,,33174.0
Thailand,Freshwater,,,,0.89,0.56,0.75,54789.02,59272.7,40024.72,42844.04,105420.0,90596.06,,,,,,,,,,,,
Thailand,Marine,,,,0.89,0.56,0.75,54789.02,59272.7,40024.72,42844.04,105420.0,90596.06,,,,,,,,,,,,
Tunisia,Freshwater,28.0,,50.0,29.0,10959.0,103.0,5141.0,368.0,6377.0,14.0,4412.0,6346.0,6306.0,8070.0,6270.0,7950.0,8013.0,2840.0,,,,,,
Turkey,Freshwater,321919.24,1960466.0,1832152.0,1879705.0,2290452.0,2726014.27,3611127.0,3105143.0,3038287.0,3817374.0,2531379.0,289184.0,220124.0,,,5846.0,11231.0,,,,,,,
Turkey,Terrestrial,36.0,1960466.0,1832152.0,1879705.0,2290452.0,2726014.27,3611127.0,3105143.0,3038287.0,3817374.0,2531379.0,289184.0,220124.0,,,5846.0,11231.0,,,,,,,
Turkmenistan,Freshwater,182.0,223.0,,3.0,,,,,820.0,7.0,287.0,476.0,723.0,,,,,,,,,,,
Uganda,Freshwater,,810.0,2314.0,,29195.0,53488.0,101100.0,5083.0,1139.0,6995.1,34795.0,73511.0,36790.0,124383.0,130554.0,22735.0,154660.0,24972.0,8062.0,6433.8,87585.0,93409.0,11528.0,213.0
Uganda,Terrestrial,300.0,810.0,2314.0,,29195.0,53488.0,101100.0,5083.0,1139.0,6995.1,34795.0,73511.0,36790.0,124383.0,130554.0,22735.0,154660.0,24972.0,8062.0,6433.8,87585.0,93409.0,11528.0,213.0
Ukraine,Freshwater,,7515.0,1732.0,3147.0,5287.0,6212.0,1736.0,1058.0,363.0,829.0,15308.0,5065.0,678.0,683.0,5954.0,23604.0,3202.0,12917.0,,14942.0,,,,
Ukraine,Terrestrial,86.0,7515.0,1732.0,3147.0,5287.0,6212.0,1736.0,1058.0,363.0,829.0,15308.0,5065.0,678.0,683.0,5954.0,23604.0,3202.0,12917.0,,14942.0,,,,
United Arab Emirates,Marine,,,,,,,,,,61.0,,,,,,,,,,,,,,
United Kingdom,Freshwater,360590.0,779689.0,700839.0,776905.16667,782897.33333,702710.16667,674720.66667,712684.08333,667129.75,700859.75,729119.0,781787.5,670770.0,494108.0,503208.0,514810.0,451535.0,542920.0,487167.0,72287.0,80706.0,,18165.0,
United Kingdom,Marine,11105.0,779689.0,700839.0,776905.16667,782897.33333,702710.16667,674720.66667,712684.08333,667129.75,700859.75,729119.0,781787.5,670770.0,494108.0,503208.0,514810.0,451535.0,542920.0,487167.0,72287.0,80706.0,,18165.0,
United Kingdom,Terrestrial,377931.0,779689.0,700839.0,776905.16667,782897.33333,702710.16667,674720.66667,712684.08333,667129.75,700859.75,729119.0,781787.5,670770.0,494108.0,503208.0,514810.0,451535.0,542920.0,487167.0,72287.0,80706.0,,18165.0,
United States,Freshwater,640154.1209999999,496327464.2325,608992812.9839,857690951.0855,1243869226.9449,764462343.6932,616391067.5062,491211344.69930005,540494677.0211002,503972471.8507001,483957402.7762,989195617.7784,570089149.4243,502631486.05480003,427892186.34959996,457246854.6481999,398298431.65360004,735643912.1625,478488371.118725,718094209.7583749,888823187.0,771884.0,815354.0,111594.0
United States,Marine,426190061.023,496327464.2325,608992812.9839,857690951.0855,1243869226.9449,764462343.6932,616391067.5062,491211344.69930005,540494677.0211002,503972471.8507001,483957402.7762,989195617.7784,570089149.4243,502631486.05480003,427892186.34959996,457246854.6481999,398298431.65360004,735643912.1625,478488371.118725,718094209.7583749,888823187.0,771884.0,815354.0,111594.0
United States,Terrestrial,3768969.4,496327464.2325,608992812.9839,857690951.0855,1243869226.9449,764462343.6932,616391067.5062,491211344.69930005,540494677.0211002,503972471.8507001,483957402.7762,989195617.7784,570089149.4243,502631486.05480003,427892186.34959996,457246854.6481999,398298431.65360004,735643912.1625,478488371.118725,718094209.7583749,888823187.0,771884.0,815354.0,111594.0
United States Minor Outlying Islands,Marine,,,,,,,,,,,,,,,,47.0,102.0,245.0,211.0,483.0,476.0,,,
United States Minor Outlying Islands,Terrestrial,42.0,,,,,,,,,,,,,,,47.0,102.0,245.0,211.0,483.0,476.0,,,
Uruguay,Terrestrial,,,,,,,,,,686.0,,1393.0,,,,,,,,,,,,
Uzbekistan,Freshwater,,,,,2290.0,,,,,,1986.0,1149.0,7.0,,,,,,,,,,,
Uzbekistan,Terrestrial,,,,,2290.0,,,,,,1986.0,1149.0,7.0,,,,,,,,,,,
"Venezuela, Bolivarian Republic Of",Freshwater,,328.0,318.0,314.0,231.14,212.0,2055.0,117.0,,90.0,,,,,,,9.0,,,7.9,,,,
"Venezuela, Bolivarian Republic Of",Terrestrial,346.0,328.0,318.0,314.0,231.14,212.0,2055.0,117.0,,90.0,,,,,,,9.0,,,7.9,,,,
Viet Nam,Freshwater,62.0,10.0,175.0,138.0,25.0,23.0,75.0,,81.0,92.5,,152.0,59.0,,15.0,183.0,164.0,,,,,,,
Viet Nam,Terrestrial,,10.0,175.0,138.0,25.0,23.0,75.0,,81.0,92.5,,152.0,59.0,,15.0,183.0,164.0,,,,,,,
Zambia,Freshwater,38578.0,32388.0,5540.0,5392.0,18837.0,5891.0,25365.5,5710.0,20739.5,5189.0,5938.0,10189.0,14272.0,4913.0,6639.0,6515.0,6369.0,,6318.0,6331.0,6150.0,6738.0,6777.0,
Zambia,Terrestrial,,32388.0,5540.0,5392.0,18837.0,5891.0,25365.5,5710.0,20739.5,5189.0,5938.0,10189.0,14272.0,4913.0,6639.0,6515.0,6369.0,,6318.0,6331.0,6150.0,6738.0,6777.0,
Zimbabwe,Freshwater,,19478.0,16506.0,20697.0,16531.0,31386.0,15983.0,17169.0,30192.0,33090.0,15449.0,54344.0,24845.0,47641.0,13075.0,24003.0,20775.0,6601.0,,9232.0,,,,
Zimbabwe,Terrestrial,20699.0,19478.0,16506.0,20697.0,16531.0,31386.0,15983.0,17169.0,30192.0,33090.0,15449.0,54344.0,24845.0,47641.0,13075.0,24003.0,20775.0,6601.0,,9232.0,,,,
Åland Islands,Marine,,,,60.0,,221.0,120.0,200.0,220.0,80.0,180.0,50.0,70.0,30.0,,,,,,,,,,
